{"deletes":["aim54839","aim54867","aim54806","aim54915","aim54939","aim54782","aim54891","aim69084","aim99690","aim83607","aim77965","aim68954","aim102578","aim70622"],"types":[{"id":"aim100419","type":"ExteriorWall"},{"id":"aim70603","type":"InteriorFloor"},{"id":"aim75025","type":"InteriorFloor"},{"id":"aim70497","type":"InteriorFloor"}],"oneAdjacent":[],"twoAdjacent":[{"id":"aim56918","spaceId":["aim6771","aim10668"]},{"id":"aim48001","spaceId":["aim4915","aim6322"]},{"id":"aim50040","spaceId":["aim4915","aim6322"]},{"id":"aim57524","spaceId":["aim9154","aim11097"]},{"id":"aim63906","spaceId":["aim9154","aim14849"]},{"id":"aim103098","spaceId":["aim38873","aim41767"]},{"id":"aim82214","spaceId":["aim26887","aim27959"]},{"id":"aim70603","spaceId":["aim19221","aim24217"]},{"id":"aim77707","spaceId":["aim18573","aim24044"]},{"id":"aim82166","spaceId":["aim18573","aim26840"]},{"id":"aim85117","spaceId":["aim19221","aim29438"]}],"cadObjs":[]}