{"deletes":["aim10191","aim8861","aim9155","aim9503"],"types":[{"id":"aim9694","type":"ExteriorWall"},{"id":"aim9668","type":"Roof"},{"id":"aim9017","type":"Roof"},{"id":"aim6422","type":"ExteriorWall"},{"id":"aim8767","type":"InteriorWall"},{"id":"aim8767","type":"ExteriorWall"}],"oneAdjacent":[{"id":"aim9694","spaceId":"aim3610"},{"id":"aim9668","spaceId":"aim3610"},{"id":"aim8767","spaceId":"aim3295"}],"twoAdjacent":[{"id":"aim9649","spaceId":["aim2973","aim3357"]},{"id":"aim10134","spaceId":["aim2449","aim3310"]}],"cadObjs":[]}