in:Top Thickness [in],in:Spacing [in],in:Water Temp [F],in: Solar Flux [BTU/sf],out:Slab Flux,out:Convect Flux,out:Rad Flux,out:Cold Temp,out:Deg Condensing,out:Deg Cond No Sun,img
2,4,50,0,26.261253,6.878046,19.383207,53.34989,-1.61811,-1.61811,NCGMtherm20500_View2.png
3,4,50,0,25.181401,6.718443,18.462957,54.76982,-0.19818,-0.19818,NCGMtherm30500_View2.png
4,4,50,0,24.203635,6.5437,17.659935,55.806548,0.838548,0.838548,NCGMtherm40500_View2.png
2,8,50,0,22.095065,5.990879,16.104186,54.81059,-0.15741,-0.15741,NCGMtherm21500_View2.png
3,8,50,0,21.496529,6.026938,15.469591,56.629796,1.661796,1.661796,NCGMtherm31500_View2.png
4,8,50,0,20.80358,5.84945,14.954131,57.775532,2.807532,2.807532,NCGMtherm41500_View2.png
2,12,50,0,18.187469,4.804395,13.383074,55.637348,0.669348,0.669348,NCGMtherm22500_View2.png
3,12,50,0,18.085455,4.867997,13.217458,57.807536,2.839536,2.839536,NCGMtherm32500_View2.png
4,12,50,0,17.695579,4.850872,12.844708,59.188496,4.220496,4.220496,NCGMtherm42500_View2.png
2,16,50,0,14.976051,4.294868,10.681183,55.994828,1.026828,1.026828,NCGMtherm23500_View2.png
3,16,50,0,15.188087,4.189264,10.998823,58.461242,3.493242,3.493242,NCGMtherm33500_View2.png
4,16,50,0,15.037837,4.097018,10.940819,60.087776,5.119776,5.119776,NCGMtherm43500_View2.png
2,24,50,0,10.638223,2.847499,7.790724,56.404454,1.436454,1.436454,NCGMtherm24500_View2.png
3,24,50,0,11.050466,2.995206,8.05526,59.106704,4.138704,4.138704,NCGMtherm34500_View2.png
4,24,50,0,11.134661,3.063713,8.070948,60.89666,5.92866,5.92866,NCGMtherm44500_View2.png
2,4,51,0,25.097967,6.563567,18.5344,54.202532,-0.765468,-0.765468,NCGMtherm20510_View2.png
3,4,51,0,24.062199,6.411063,17.651136,55.5593,0.5913,0.5913,NCGMtherm30510_View2.png
4,4,51,0,23.124994,6.244206,16.880788,56.549516,1.581516,1.581516,NCGMtherm40510_View2.png
2,8,51,0,21.10931,5.716306,15.393004,55.596992,0.628992,0.628992,NCGMtherm21510_View2.png
3,8,51,0,20.535561,5.75074,14.78482,57.334604,2.366604,2.366604,NCGMtherm31510_View2.png
4,8,51,0,19.871647,5.581404,14.290243,58.428608,3.460608,3.460608,NCGMtherm41510_View2.png
2,12,51,0,17.37145,4.583996,12.787454,56.385608,1.417608,1.417608,NCGMtherm22510_View2.png
3,12,51,0,17.272479,4.644711,12.627768,58.457984,3.489984,3.489984,NCGMtherm32510_View2.png
4,12,51,0,16.899656,4.628435,12.271221,59.776412,4.808412,4.808412,NCGMtherm42510_View2.png
2,16,51,0,14.302005,4.098057,10.203947,56.726294,1.758294,1.758294,NCGMtherm23510_View2.png
3,16,51,0,14.503541,3.997182,10.506359,59.081198,4.113198,4.113198,NCGMtherm33510_View2.png
4,16,51,0,14.359595,3.909161,10.450434,60.633986,5.665986,5.665986,NCGMtherm43510_View2.png
2,24,51,0,10.158284,2.717044,7.441241,57.116984,2.148984,2.148984,NCGMtherm24510_View2.png
3,24,51,0,10.551142,2.857976,7.693165,59.6966,4.7286,4.7286,NCGMtherm34510_View2.png
4,24,51,0,10.631025,2.923374,7.707651,61.405052,6.437052,6.437052,NCGMtherm44510_View2.png
2,4,52,0,23.932004,6.249316,17.682688,55.05458,0.08658,0.08658,NCGMtherm20520_View2.png
3,4,52,0,22.940694,6.103926,16.836768,56.348042,1.380042,1.380042,NCGMtherm30520_View2.png
4,4,52,0,22.044018,5.944959,16.099059,57.291692,2.323692,2.323692,NCGMtherm40520_View2.png
2,8,52,0,20.122061,5.441997,14.680064,56.382764,1.414764,1.414764,NCGMtherm21520_View2.png
3,8,52,0,19.573009,5.474806,14.098203,58.03871,3.07071,3.07071,NCGMtherm31520_View2.png
4,8,52,0,18.938576,5.313612,13.624964,59.080946,4.112946,4.112946,NCGMtherm41520_View2.png
2,12,52,0,16.555164,4.36383,12.191334,57.133292,2.165292,2.165292,NCGMtherm22520_View2.png
3,12,52,0,16.459825,4.421658,12.038166,59.10782,4.13982,4.13982,NCGMtherm32520_View2.png
4,12,52,0,16.1031,4.406224,11.696876,60.363698,5.395698,5.395698,NCGMtherm42520_View2.png
2,16,52,0,13.628287,3.901432,9.726854,57.457238,2.489238,2.489238,NCGMtherm23520_View2.png
3,16,52,0,13.818387,3.805291,10.013095,59.700632,4.732632,4.732632,NCGMtherm33520_View2.png
4,16,52,0,13.680753,3.721494,9.959259,61.179656,6.211656,6.211656,NCGMtherm43520_View2.png
2,24,52,0,9.678544,2.586709,7.091835,57.829064,2.861064,2.861064,NCGMtherm24520_View2.png
3,24,52,0,10.051904,2.720875,7.33103,60.286046,5.318046,5.318046,NCGMtherm34520_View2.png
4,24,52,0,10.127516,2.783163,7.344352,61.91303,6.94503,6.94503,NCGMtherm44520_View2.png
2,4,53,0,22.762949,5.935182,16.827766,55.906304,0.938304,0.938304,NCGMtherm20530_View2.png
3,4,53,0,21.816694,5.796922,16.019772,57.136352,2.168352,2.168352,NCGMtherm30530_View2.png
4,4,53,0,20.961171,5.645854,15.315317,58.033346,3.065346,3.065346,NCGMtherm40530_View2.png
2,8,53,0,19.132568,5.167851,13.964716,57.168212,2.200212,2.200212,NCGMtherm21530_View2.png
3,8,53,0,18.608754,5.199034,13.409719,58.742366,3.774366,3.774366,NCGMtherm31530_View2.png
4,8,53,0,18.003964,5.045977,12.957987,59.73278,4.76478,4.76478,NCGMtherm41530_View2.png
2,12,53,0,15.73717,4.143816,11.593353,57.880706,2.912706,2.912706,NCGMtherm22530_View2.png
3,12,53,0,15.64545,4.198755,11.446694,59.75726,4.78926,4.78926,NCGMtherm32530_View2.png
4,12,53,0,15.305447,4.184158,11.121289,60.950552,5.982552,5.982552,NCGMtherm42530_View2.png
2,16,53,0,12.953046,3.704924,9.248122,58.187948,3.219948,3.219948,NCGMtherm23530_View2.png
3,16,53,0,13.1334,3.613527,9.519873,60.319742,5.351742,5.351742,NCGMtherm33530_View2.png
4,16,53,0,13.001377,3.533949,9.467428,61.724966,6.756966,6.756966,NCGMtherm43530_View2.png
2,24,53,0,9.198341,2.456448,6.741893,58.54091,3.57291,3.57291,NCGMtherm24530_View2.png
3,24,53,0,9.552287,2.583851,6.968436,60.875222,5.907222,5.907222,NCGMtherm34530_View2.png
4,24,53,0,9.623539,2.643031,6.980508,62.42072,7.45272,7.45272,NCGMtherm44530_View2.png
2,4,54,0,21.591333,5.621278,15.970056,56.757434,1.789434,1.789434,NCGMtherm20540_View2.png
3,4,54,0,20.690411,5.490162,15.200249,57.923906,2.955906,2.955906,NCGMtherm30540_View2.png
4,4,54,0,19.876356,5.346996,14.529361,58.774208,3.806208,3.806208,NCGMtherm40540_View2.png
2,8,54,0,18.141665,4.89397,13.247696,57.953048,2.985048,2.985048,NCGMtherm21540_View2.png
3,8,54,0,17.643062,4.923525,12.719537,59.445302,4.477302,4.477302,NCGMtherm31540_View2.png
4,8,54,0,17.068236,4.778595,12.289641,60.383894,5.415894,5.415894,NCGMtherm41540_View2.png
2,12,54,0,14.918445,3.924034,10.994412,58.627562,3.659562,3.659562,NCGMtherm22540_View2.png
3,12,54,0,14.830364,3.976086,10.854279,60.406088,5.438088,5.438088,NCGMtherm32540_View2.png
4,12,54,0,14.507251,3.962316,10.544935,61.536776,6.568776,6.568776,NCGMtherm42540_View2.png
2,16,54,0,12.277155,3.508601,8.768554,58.918172,3.950172,3.950172,NCGMtherm23540_View2.png
3,16,54,0,12.44738,3.421954,9.025426,60.938294,5.970294,5.970294,NCGMtherm33540_View2.png
4,16,54,0,12.321709,3.346591,8.975118,62.269718,7.301718,7.301718,NCGMtherm43540_View2.png
2,24,54,0,8.71722,2.326307,6.390912,59.252306,4.284306,4.284306,NCGMtherm24540_View2.png
3,24,54,0,9.052258,2.446957,6.605301,61.46393,6.49593,6.49593,NCGMtherm34540_View2.png
4,24,54,0,9.11924,2.503027,6.616213,62.927996,7.959996,7.959996,NCGMtherm44540_View2.png
2,4,55,0,20.416502,5.307491,15.109011,57.608258,2.640258,2.640258,NCGMtherm20550_View2.png
3,4,55,0,19.561389,5.183534,14.377856,58.711028,3.743028,3.743028,NCGMtherm30550_View2.png
4,4,55,0,18.789359,5.048279,13.74108,59.514566,4.546566,4.546566,NCGMtherm40550_View2.png
2,8,55,0,17.148923,4.620253,12.52867,58.737542,3.769542,3.769542,NCGMtherm21550_View2.png
3,8,55,0,16.675861,4.648179,12.027683,60.147788,5.179788,5.179788,NCGMtherm31550_View2.png
4,8,55,0,16.131066,4.51137,11.619696,61.034504,6.066504,6.066504,NCGMtherm41550_View2.png
2,12,55,0,14.098406,3.704402,10.394004,59.374112,4.406112,4.406112,NCGMtherm22550_View2.png
3,12,55,0,14.014209,3.753565,10.260644,61.05452,6.08652,6.08652,NCGMtherm32550_View2.png
4,12,55,0,13.708089,3.74062,9.967469,62.122586,7.154586,7.154586,NCGMtherm42550_View2.png
2,16,55,0,11.600716,3.289746,8.310971,59.648144,4.680144,4.680144,NCGMtherm23550_View2.png
3,16,55,0,11.760712,3.230504,8.530208,61.55654,6.58854,6.58854,NCGMtherm33550_View2.png
4,16,55,0,11.64152,3.151397,8.490123,62.814128,7.846128,7.846128,NCGMtherm43550_View2.png
2,24,55,0,8.236205,2.196243,6.039962,59.963468,4.995468,4.995468,NCGMtherm24550_View2.png
3,24,55,0,8.551813,2.310141,6.241672,62.052404,7.084404,7.084404,NCGMtherm34550_View2.png
4,24,55,0,8.614553,2.3631,6.251453,63.434984,8.466984,8.466984,NCGMtherm44550_View2.png
2,4,56,0,19.239113,4.993933,14.24518,58.458452,3.490452,3.490452,NCGMtherm20560_View2.png
3,4,56,0,18.430303,4.87715,13.553152,59.497412,4.529412,4.529412,NCGMtherm30560_View2.png
4,4,56,0,17.700705,4.749809,12.950896,60.25415,5.28615,5.28615,NCGMtherm40560_View2.png
2,8,56,0,16.154466,4.3468,11.807666,59.521424,4.553424,4.553424,NCGMtherm21560_View2.png
3,8,56,0,15.707222,4.373096,11.334127,60.849572,5.881572,5.881572,NCGMtherm31560_View2.png
4,8,56,0,15.19269,4.244398,10.948292,61.684376,6.716376,6.716376,NCGMtherm41560_View2.png
2,12,56,0,13.277507,3.485002,9.792506,60.120122,5.152122,5.152122,NCGMtherm22560_View2.png
3,12,56,0,13.197252,3.531277,9.665975,61.702322,6.734322,6.734322,NCGMtherm32560_View2.png
4,12,56,0,12.908189,3.519147,9.389042,62.707748,7.739748,7.739748,NCGMtherm42560_View2.png
2,16,56,0,10.923802,3.071218,7.852584,60.377612,5.409612,5.409612,NCGMtherm23560_View2.png
3,16,56,0,11.073636,3.039248,8.034388,62.174246,7.206246,7.206246,NCGMtherm33560_View2.png
4,16,56,0,10.960847,2.964821,7.996026,63.357998,8.389998,8.389998,NCGMtherm43560_View2.png
2,24,56,0,7.754768,2.066298,5.68847,60.67418,5.70618,5.70618,NCGMtherm24560_View2.png
3,24,56,0,8.051073,2.173452,5.877621,62.640392,7.672392,7.672392,NCGMtherm34560_View2.png
4,24,56,0,8.109863,2.223301,5.886561,63.941558,8.973558,8.973558,NCGMtherm44560_View2.png
2,4,57,0,18.058639,4.680492,13.378147,59.30834,4.34034,4.34034,NCGMtherm20570_View2.png
3,4,57,0,17.296504,4.5709,12.725604,60.283346,5.315346,5.315346,NCGMtherm30570_View2.png
4,4,57,0,16.609558,4.451479,12.158079,60.993194,6.025194,6.025194,NCGMtherm40570_View2.png
2,8,57,0,15.157888,4.073512,11.084376,60.304964,5.336964,5.336964,NCGMtherm21570_View2.png
3,8,57,0,14.737083,4.098174,10.638909,61.550888,6.582888,6.582888,NCGMtherm31570_View2.png
4,8,57,0,14.252897,3.977582,10.275315,62.333762,7.365762,7.365762,NCGMtherm41570_View2.png
2,12,57,0,12.45543,3.265752,9.189677,60.865844,5.897844,5.897844,NCGMtherm22570_View2.png
3,12,57,0,12.379369,3.309139,9.070229,62.349764,7.381764,7.381764,NCGMtherm32570_View2.png
4,12,57,0,12.107355,3.297818,8.809537,63.292496,8.324496,8.324496,NCGMtherm42570_View2.png
2,16,57,0,10.24597,2.878132,7.367838,61.106846,6.138846,6.138846,NCGMtherm23570_View2.png
3,16,57,0,10.385853,2.848114,7.53774,62.791628,7.823628,7.823628,NCGMtherm33570_View2.png
4,16,57,0,10.279622,2.778366,7.501255,63.901508,8.933508,8.933508,NCGMtherm43570_View2.png
2,24,57,0,7.272845,1.936426,5.336419,61.384658,6.416658,6.416658,NCGMtherm24570_View2.png
3,24,57,0,7.550076,2.036842,5.513234,63.22811,8.26011,8.26011,NCGMtherm34570_View2.png
4,24,57,0,7.604782,2.083579,5.521203,64.447862,9.479862,9.479862,NCGMtherm44570_View2.png
2,4,58,0,16.875295,4.367282,12.508014,60.157634,5.189634,5.189634,NCGMtherm20580_View2.png
3,4,58,0,16.160709,4.264893,11.895817,61.068542,6.100542,6.100542,NCGMtherm30580_View2.png
4,4,58,0,15.516757,4.153397,11.363359,61.731464,6.763464,6.763464,NCGMtherm40580_View2.png
2,8,58,0,14.159998,3.800486,10.359512,61.087892,6.119892,6.119892,NCGMtherm21580_View2.png
3,8,58,0,13.765297,3.823517,9.94178,62.251502,7.283502,7.283502,NCGMtherm31580_View2.png
4,8,58,0,13.312059,3.71102,9.601039,62.98241,8.01441,8.01441,NCGMtherm41580_View2.png
2,12,58,0,11.63239,3.046734,8.585657,61.611008,6.643008,6.643008,NCGMtherm22580_View2.png
3,12,58,0,11.560554,3.087231,8.473323,62.996558,8.028558,8.028558,NCGMtherm32580_View2.png
4,12,58,0,11.305842,3.076713,8.229129,63.876614,8.908614,8.908614,NCGMtherm42580_View2.png
2,16,58,0,9.567696,2.685233,6.882463,61.835576,6.867576,6.867576,NCGMtherm23580_View2.png
3,16,58,0,9.697655,2.657173,7.040481,63.408452,8.440452,8.440452,NCGMtherm33580_View2.png
4,16,58,0,9.597975,2.5921,7.005875,64.444478,9.476478,9.476478,NCGMtherm43580_View2.png
2,24,58,0,6.790664,1.806676,4.983988,62.094686,7.126686,7.126686,NCGMtherm24580_View2.png
3,24,58,0,7.04893,1.900359,5.148571,63.815378,8.847378,8.847378,NCGMtherm34580_View2.png
4,24,58,0,7.099661,1.943986,5.155675,64.953716,9.985716,9.985716,NCGMtherm44580_View2.png
2,4,59,0,15.688798,4.054188,11.63461,61.006604,6.038604,6.038604,NCGMtherm20590_View2.png
3,4,59,0,15.022072,3.959019,11.063052,61.853288,6.885288,6.885288,NCGMtherm30590_View2.png
4,4,59,0,14.421524,3.855455,10.566069,62.46923,7.50123,7.50123,NCGMtherm40590_View2.png
2,8,59,0,13.160003,3.527625,9.632378,61.870496,6.902496,6.902496,NCGMtherm21590_View2.png
3,8,59,0,12.791977,3.549021,9.242956,62.951648,7.983648,7.983648,NCGMtherm31590_View2.png
4,8,59,0,12.369597,3.444614,8.924983,63.630554,8.662554,8.662554,NCGMtherm41590_View2.png
2,12,59,0,10.808245,2.827867,7.980379,62.355884,7.387884,7.387884,NCGMtherm22590_View2.png
3,12,59,0,10.74065,2.865474,7.875176,63.642974,8.674974,8.674974,NCGMtherm32590_View2.png
4,12,59,0,10.503444,2.855751,7.647693,64.460318,9.492318,9.492318,NCGMtherm42590_View2.png
2,16,59,0,8.888433,2.492349,6.396084,62.565746,7.597746,7.597746,NCGMtherm23590_View2.png
3,16,59,0,9.008742,2.46637,6.542372,64.024934,9.056934,9.056934,NCGMtherm33590_View2.png
4,16,59,0,8.915597,2.405951,6.509646,64.987088,10.019088,10.019088,NCGMtherm43590_View2.png
2,24,59,0,6.307998,1.676999,4.630998,62.80448,7.83648,7.83648,NCGMtherm24590_View2.png
3,24,59,0,6.547328,1.763956,4.783372,64.402394,9.434394,9.434394,NCGMtherm34590_View2.png
4,24,59,0,6.594037,1.804469,4.789568,65.459336,10.491336,10.491336,NCGMtherm44590_View2.png
2,4,60,0,14.499523,3.741268,10.758254,61.855106,6.887106,6.887106,NCGMtherm20600_View2.png
3,4,60,0,13.881129,3.653335,10.227794,62.63744,7.66944,7.66944,NCGMtherm30600_View2.png
4,4,60,0,13.324477,3.557707,9.766771,63.20633,8.23833,8.23833,NCGMtherm40600_View2.png
2,8,60,0,12.158319,3.254978,8.903341,62.652614,7.684614,7.684614,NCGMtherm21600_View2.png
3,8,60,0,11.817093,3.274737,8.542356,63.651218,8.683218,8.683218,NCGMtherm31600_View2.png
4,8,60,0,11.425907,3.178412,8.247495,64.278086,9.310086,9.310086,NCGMtherm41600_View2.png
2,12,60,0,9.983015,2.60919,7.373825,63.100328,8.132328,8.132328,NCGMtherm22600_View2.png
3,12,60,0,9.919962,2.643907,7.276054,64.288886,9.320886,9.320886,NCGMtherm32600_View2.png
4,12,60,0,9.700231,2.634974,7.065258,65.043482,10.075482,10.075482,NCGMtherm42600_View2.png
2,16,60,0,8.208632,2.299725,5.908907,63.293756,8.325756,8.325756,NCGMtherm23600_View2.png
3,16,60,0,8.319253,2.291044,6.02821,64.641056,9.673056,9.673056,NCGMtherm33600_View2.png
4,16,60,0,8.232827,2.219959,6.012869,65.529266,10.561266,10.561266,NCGMtherm43600_View2.png
2,24,60,0,5.824986,1.547419,4.277567,63.51395,8.54595,8.54595,NCGMtherm24600_View2.png
3,24,60,0,6.045467,1.627654,4.417813,64.989032,10.021032,10.021032,NCGMtherm34600_View2.png
4,24,60,0,6.088272,1.665055,4.423217,65.964578,10.996578,10.996578,NCGMtherm44600_View2.png
2,4,50,25,47.123298,6.057344,41.065955,56.670098,1.702098,-1.61811,NCGMtherm205025_View2.png
3,4,50,25,44.783565,5.708818,39.074747,59.616716,4.648716,-0.19818,NCGMtherm305025_View2.png
4,4,50,25,42.665134,5.373331,37.291803,61.79018,6.82218,0.838548,NCGMtherm405025_View2.png
2,8,50,25,39.648411,4.273971,35.374439,59.29673,4.32873,-0.15741,NCGMtherm215025_View2.png
3,8,50,25,38.233665,4.210591,34.023074,62.913632,7.945632,1.661796,NCGMtherm315025_View2.png
4,8,50,25,36.675255,3.9579,32.717356,65.243084,10.275084,2.807532,NCGMtherm415025_View2.png
2,12,50,25,32.518339,2.285254,30.233085,60.755738,5.787738,0.669348,NCGMtherm225025_View2.png
3,12,50,25,32.053219,2.373081,29.680137,64.95395,9.98595,2.839536,NCGMtherm325025_View2.png
4,12,50,25,31.087852,2.322187,28.765665,67.676144,12.708144,4.220496,NCGMtherm425025_View2.png
2,16,50,25,26.716498,1.075946,25.640552,61.448108,6.480108,1.026828,NCGMtherm235025_View2.png
3,16,50,25,26.862165,0.982456,25.879709,66.22232,11.25432,3.493242,NCGMtherm335025_View2.png
4,16,50,25,26.367149,1.01897,25.348179,68.700002,13.732002,5.119776,NCGMtherm435025_View2.png
2,24,50,25,18.916112,-0.768768,19.68488,62.102876,7.134876,1.436454,NCGMtherm245025_View2.png
3,24,50,25,19.470445,-0.727446,20.197892,67.192988,12.224988,4.138704,NCGMtherm345025_View2.png
4,24,50,25,19.445851,-0.673777,20.119628,69.339434,14.371434,5.92866,NCGMtherm445025_View2.png
2,4,51,25,45.947474,5.743442,40.204033,57.520778,2.552778,-0.765468,NCGMtherm205125_View2.png
3,4,51,25,43.649331,5.402289,38.247042,60.402488,5.434488,0.5913,NCGMtherm305125_View2.png
4,4,51,25,41.569869,5.074951,36.494918,62.527838,7.559838,1.581516,NCGMtherm405125_View2.png
2,8,51,25,38.648042,4.001077,34.646965,60.07955,5.11155,0.628992,NCGMtherm215125_View2.png
3,8,51,25,37.257025,3.93628,33.320745,63.612734,8.644734,2.366604,NCGMtherm315125_View2.png
4,8,51,25,35.727602,3.691927,32.035675,65.88878,10.92078,3.460608,NCGMtherm415125_View2.png
2,12,51,25,31.689479,2.067497,29.621982,61.499516,6.531516,1.417608,NCGMtherm225125_View2.png
3,12,51,25,31.227138,2.152519,29.07462,65.597522,10.629522,3.489984,NCGMtherm325125_View2.png
4,12,51,25,30.278236,2.102587,28.17565,67.990388,13.022388,4.808412,NCGMtherm425125_View2.png
2,16,51,25,26.032424,0.937635,25.094789,62.172716,7.204716,1.758294,NCGMtherm235125_View2.png
3,16,51,25,26.166665,0.795893,25.370773,66.832052,11.864052,4.113198,NCGMtherm335125_View2.png
4,16,51,25,25.677656,0.839319,24.838337,68.953586,13.985586,5.665986,NCGMtherm435125_View2.png
2,24,51,25,18.429863,-0.838437,19.2683,62.810798,7.842798,2.148984,NCGMtherm245125_View2.png
3,24,51,25,18.964121,-0.798857,19.762978,67.775738,12.807738,4.7286,NCGMtherm345125_View2.png
4,24,51,25,19.190018,-0.8108,20.000818,69.588086,14.620086,6.437052,NCGMtherm445125_View2.png
2,4,52,25,44.768681,5.429768,39.338913,58.370828,3.402828,0.08658,NCGMtherm205225_View2.png
3,4,52,25,42.513093,5.096005,37.417089,61.18754,6.21954,1.380042,NCGMtherm305225_View2.png
4,4,52,25,40.472822,4.776819,35.696002,63.264704,8.296704,2.323692,NCGMtherm405225_View2.png
2,8,52,25,37.646049,3.728446,33.917603,60.861758,5.893758,1.414764,NCGMtherm215225_View2.png
3,8,52,25,36.279195,3.662231,32.616964,64.311116,9.343116,3.07071,NCGMtherm315225_View2.png
4,8,52,25,34.778789,3.426204,31.352584,66.370622,11.402622,4.112946,NCGMtherm415225_View2.png
2,12,52,25,30.859689,1.849969,29.00972,62.242754,7.274754,2.165292,NCGMtherm225225_View2.png
3,12,52,25,30.40027,1.932185,28.468085,66.240464,11.272464,4.13982,NCGMtherm325225_View2.png
4,12,52,25,29.468059,1.883206,27.584854,68.272286,13.304286,5.395698,NCGMtherm425225_View2.png
2,16,52,25,25.347916,0.766077,24.581839,62.896928,7.928928,2.489238,NCGMtherm235225_View2.png
3,16,52,25,25.47077,0.5012,24.96957,67.441154,12.473154,4.732632,NCGMtherm335225_View2.png
4,16,52,25,24.987798,0.652807,24.334991,69.206972,14.238972,6.211656,NCGMtherm435225_View2.png
2,24,52,25,17.943215,-0.90804,18.851255,63.518252,8.550252,2.861064,NCGMtherm245225_View2.png
3,24,52,25,18.457538,-0.870197,19.327735,68.35802,13.39002,5.318046,NCGMtherm345225_View2.png
4,24,52,25,18.423971,-0.896656,19.320627,69.836576,14.868576,6.94503,NCGMtherm445225_View2.png
2,4,53,25,43.587147,5.116214,38.470934,59.220572,4.252572,0.938304,NCGMtherm205325_View2.png
3,4,53,25,41.373743,4.789854,36.583889,61.972124,7.004124,2.168352,NCGMtherm305325_View2.png
4,4,53,25,39.373409,4.478828,34.894581,64.001048,9.033048,3.065346,NCGMtherm405325_View2.png
2,8,53,25,36.64217,3.455979,33.186191,61.643624,6.675624,2.200212,NCGMtherm215325_View2.png
3,8,53,25,35.299466,3.388345,31.911121,65.009048,10.041048,3.774366,NCGMtherm315325_View2.png
4,8,53,25,33.828513,3.16064,30.667874,66.72389,11.75589,4.76478,NCGMtherm415325_View2.png
2,12,53,25,30.028827,1.632591,28.396236,62.985686,8.017686,2.912706,NCGMtherm225325_View2.png
3,12,53,25,29.572366,1.711999,27.860367,66.883028,11.915028,4.78926,NCGMtherm325325_View2.png
4,12,53,25,28.656838,1.663968,26.992871,68.554058,13.586058,5.982552,NCGMtherm425325_View2.png
2,16,53,25,24.662576,0.602932,24.059644,63.62078,8.65278,3.219948,NCGMtherm235325_View2.png
3,16,53,25,24.774145,0.288801,24.485344,68.05004,13.08204,5.351742,NCGMtherm335325_View2.png
4,16,53,25,24.297457,0.464042,23.833415,69.46025,14.49225,6.756966,NCGMtherm435325_View2.png
2,24,53,25,17.455961,-0.977604,18.433564,64.225508,9.257508,3.57291,NCGMtherm245325_View2.png
3,24,53,25,17.950831,-0.941493,18.892324,68.940032,13.972032,5.907222,NCGMtherm345325_View2.png
4,24,53,25,17.912646,-0.967828,18.880474,70.08503,15.11703,7.45272,NCGMtherm445325_View2.png
2,4,54,25,42.402895,4.802888,37.600007,60.069704,5.101704,1.789434,NCGMtherm205425_View2.png
3,4,54,25,40.232518,4.483947,35.748571,62.755988,7.787988,2.955906,NCGMtherm305425_View2.png
4,4,54,25,38.272277,4.181084,34.091193,64.736618,9.768618,3.806208,NCGMtherm405425_View2.png
2,8,54,25,35.636683,3.183775,32.452908,62.424878,7.456878,2.985048,NCGMtherm215425_View2.png
3,8,54,25,34.31855,3.114719,31.203831,65.70626,10.73826,4.477302,NCGMtherm315425_View2.png
4,8,54,25,32.877082,2.895325,29.981758,67.076924,12.108924,5.415894,NCGMtherm415425_View2.png
2,12,54,25,29.196979,1.41544,27.781539,63.728078,8.760078,3.659562,NCGMtherm225425_View2.png
3,12,54,25,28.743675,1.492041,27.251633,67.524962,12.556962,5.438088,NCGMtherm325425_View2.png
4,12,54,25,27.84506,1.44495,26.40011,68.835596,13.867596,6.568776,NCGMtherm425425_View2.png
2,16,54,25,23.976473,0.429276,23.547197,64.34429,9.37629,3.950172,NCGMtherm235425_View2.png
3,16,54,25,24.077009,0.136598,23.940411,68.658332,13.690332,5.970294,NCGMtherm335425_View2.png
4,16,54,25,23.606498,0.230538,23.37596,69.715058,14.747058,7.301718,NCGMtherm435425_View2.png
2,24,54,25,16.969187,-1.047101,18.016288,64.932278,9.964278,4.284306,NCGMtherm245425_View2.png
3,24,54,25,17.44334,-1.01272,18.45606,69.521612,14.553612,6.49593,NCGMtherm345425_View2.png
4,24,54,25,17.401459,-1.038931,18.440389,70.328966,15.360966,7.959996,NCGMtherm445425_View2.png
2,4,55,25,41.215337,4.48968,36.725657,60.91853,5.95053,2.640258,NCGMtherm205525_View2.png
3,4,55,25,39.088702,4.178173,34.910529,63.539402,8.571402,3.743028,NCGMtherm305525_View2.png
4,4,55,25,37.168989,3.883481,33.285508,65.471666,10.503666,4.546566,NCGMtherm405525_View2.png
2,8,55,25,34.629139,2.911735,31.717405,63.20579,8.23779,3.769542,NCGMtherm215525_View2.png
3,8,55,25,33.335777,2.841257,30.49452,66.403022,11.435022,5.179788,NCGMtherm315525_View2.png
4,8,55,25,31.924166,2.630166,29.294,67.429832,12.461832,6.066504,NCGMtherm415525_View2.png
2,12,55,25,28.36402,1.198439,27.16558,64.470182,9.502182,4.406112,NCGMtherm225525_View2.png
3,12,55,25,27.913882,1.272233,26.641649,68.166536,13.198536,6.08652,NCGMtherm325525_View2.png
4,12,55,25,27.032285,1.226074,25.806212,69.117008,14.149008,7.154586,NCGMtherm425525_View2.png
2,16,55,25,23.289749,0.247682,23.042067,65.067512,10.099512,4.680144,NCGMtherm235525_View2.png
3,16,55,25,23.379284,0.006962,23.372322,69.2663,14.2983,6.58854,NCGMtherm335525_View2.png
4,16,55,25,22.915078,-0.032905,22.947983,69.967598,14.999598,7.846128,NCGMtherm435525_View2.png
2,24,55,25,16.481379,-1.116558,17.597937,65.63885,10.67085,4.995468,NCGMtherm245525_View2.png
3,24,55,25,16.935891,-1.083903,18.019794,70.102922,15.134922,7.084404,NCGMtherm345525_View2.png
4,24,55,25,16.889836,-1.10999,17.999827,70.56572,15.59772,8.466984,NCGMtherm445525_View2.png
2,4,56,25,40.025128,4.176703,35.848424,61.766744,6.798744,3.490452,NCGMtherm205625_View2.png
3,4,56,25,37.942609,3.872643,34.069966,64.32206,9.35406,4.529412,NCGMtherm305625_View2.png
4,4,56,25,36.063711,3.586125,32.477586,66.20594,11.23794,5.28615,NCGMtherm405625_View2.png
2,8,56,25,33.620147,2.639957,30.98019,63.98609,9.01809,4.553424,NCGMtherm215625_View2.png
3,8,56,25,32.351776,2.568055,29.783721,67.099082,12.131082,5.881572,NCGMtherm315625_View2.png
4,8,56,25,30.970061,2.365259,28.604801,67.782488,12.814488,6.716376,NCGMtherm415625_View2.png
2,12,56,25,27.530096,0.981666,26.548431,65.211728,10.243728,5.152122,NCGMtherm225625_View2.png
3,12,56,25,27.08336,1.052652,26.030708,68.80748,13.83948,6.734322,NCGMtherm325625_View2.png
4,12,56,25,26.218862,1.007419,25.211443,69.398222,14.430222,7.739748,NCGMtherm425625_View2.png
2,16,56,25,22.368273,0.07303,22.295243,65.790014,10.822014,5.409612,NCGMtherm235625_View2.png
3,16,56,25,22.681205,-0.16463,22.845836,69.873656,14.905656,7.206246,NCGMtherm335625_View2.png
4,16,56,25,22.223237,-0.180131,22.403368,70.220192,15.252192,8.389998,NCGMtherm435625_View2.png
2,24,56,25,15.993245,-1.18595,17.179195,66.344936,11.376936,5.70618,NCGMtherm245625_View2.png
3,24,56,25,16.428105,-1.155016,17.583121,70.683764,15.715764,7.672392,NCGMtherm345625_View2.png
4,24,56,25,16.377853,-1.18098,17.558832,70.802312,15.834312,8.973558,NCGMtherm445625_View2.png
2,4,57,25,38.83177,3.863843,34.967927,62.614634,7.646634,4.34034,NCGMtherm205725_View2.png
3,4,57,25,36.793745,3.567247,33.226498,65.104286,10.136286,5.315346,NCGMtherm305725_View2.png
4,4,57,25,34.956214,3.288909,31.667305,66.939692,11.971692,6.025194,NCGMtherm405725_View2.png
2,8,57,25,32.609077,2.368345,30.240732,64.766048,9.798048,5.336964,NCGMtherm215725_View2.png
3,8,57,25,31.366071,2.295016,29.071055,67.794692,12.826692,6.582888,NCGMtherm315725_View2.png
4,8,57,25,30.014696,2.100506,27.91419,68.135018,13.167018,7.365762,NCGMtherm415725_View2.png
2,12,57,25,26.695013,0.765042,25.929971,65.952986,10.984986,5.897844,NCGMtherm225725_View2.png
3,12,57,25,26.251786,0.833218,25.418568,69.448028,14.480028,7.381764,NCGMtherm325725_View2.png
4,12,57,25,25.404524,0.788904,24.615619,69.679292,14.711292,8.324496,NCGMtherm425725_View2.png
2,16,57,25,21.915619,-0.039362,21.954981,66.512462,11.544462,6.138846,NCGMtherm235725_View2.png
3,16,57,25,21.982648,-0.308377,22.291025,70.48058,15.51258,7.823628,NCGMtherm335725_View2.png
4,16,57,25,21.531208,-0.322037,21.853246,70.474262,15.506262,8.933508,NCGMtherm435725_View2.png
2,24,57,25,15.504637,-1.255301,16.759938,67.050824,12.082824,6.416658,NCGMtherm245725_View2.png
3,24,57,25,15.919846,-1.226086,17.145932,71.205206,16.237206,8.26011,NCGMtherm345725_View2.png
4,24,57,25,15.86541,-1.251926,17.117335,71.03885,16.07085,9.479862,NCGMtherm445725_View2.png
2,4,58,25,37.635852,3.551213,34.084639,63.461894,8.493894,5.189634,NCGMtherm205825_View2.png
3,4,58,25,35.642566,3.262094,32.380472,65.885774,10.917774,6.100542,NCGMtherm305825_View2.png
4,4,58,25,33.846784,2.99194,30.854843,67.44407,12.47607,6.763464,NCGMtherm405825_View2.png
2,8,58,25,31.596559,2.096994,29.499565,65.545394,10.577394,6.119892,NCGMtherm215825_View2.png
3,8,58,25,30.378887,2.022238,28.356649,68.489582,13.521582,7.283502,NCGMtherm315825_View2.png
4,8,58,25,29.057997,1.836004,27.221993,68.487314,13.519314,8.01441,NCGMtherm415825_View2.png
2,12,58,25,25.859057,0.548645,25.310412,66.693686,11.725686,6.643008,NCGMtherm225825_View2.png
3,12,58,25,25.419463,0.614012,24.805451,70.087982,15.119982,8.028558,NCGMtherm325825_View2.png
4,12,58,25,24.589539,0.570609,24.01893,69.960164,14.992164,8.908614,NCGMtherm425825_View2.png
2,16,58,25,21.226926,-0.147645,21.374571,67.23428,12.26628,6.867576,NCGMtherm235825_View2.png
3,16,58,25,21.283325,-0.49121,21.774535,70.936322,15.968322,8.440452,NCGMtherm335825_View2.png
4,16,58,25,20.838615,-0.475735,21.31435,70.725002,15.757002,9.476478,NCGMtherm435825_View2.png
2,24,58,25,15.015684,-1.324587,16.340271,67.756244,12.788244,7.126686,NCGMtherm245825_View2.png
3,24,58,25,15.411734,-1.297086,16.70882,71.437928,16.469928,8.847378,NCGMtherm345825_View2.png
4,24,58,25,15.353077,-1.322802,16.675879,71.275244,16.307244,9.985716,NCGMtherm445825_View2.png
2,4,59,25,36.436527,3.238701,33.197827,64.308812,9.340812,6.038604,NCGMtherm205925_View2.png
3,4,59,25,34.488953,2.957076,31.531877,66.666794,11.698794,6.885288,NCGMtherm305925_View2.png
4,4,59,25,32.735229,2.695113,30.040116,67.80038,12.83238,7.50123,NCGMtherm405925_View2.png
2,8,59,25,30.582002,1.825808,28.756194,66.324416,11.356416,6.902496,NCGMtherm215925_View2.png
3,8,59,25,29.390066,1.749623,27.640444,68.90783,13.93983,7.983648,NCGMtherm315925_View2.png
4,8,59,25,28.099902,1.571658,26.528244,68.839484,13.871484,8.662554,NCGMtherm415925_View2.png
2,12,59,25,25.021919,0.332397,24.689522,67.434098,12.466098,7.387884,NCGMtherm225925_View2.png
3,12,59,25,24.586054,0.394954,24.1911,70.431512,15.463512,8.674974,NCGMtherm325925_View2.png
4,12,59,25,23.773642,0.352456,23.421186,70.240892,15.272892,9.492318,NCGMtherm425925_View2.png
2,16,59,25,20.537397,-0.247,20.784397,67.955882,12.987882,7.597746,NCGMtherm235925_View2.png
3,16,59,25,20.58332,-0.59696,21.180281,71.183552,16.215552,9.056934,NCGMtherm335925_View2.png
4,16,59,25,20.14508,-0.649059,20.794138,70.97648,16.00848,10.019088,NCGMtherm435925_View2.png
2,24,59,25,14.526808,-1.393832,15.92064,68.46143,13.49343,7.83648,NCGMtherm245925_View2.png
3,24,59,25,14.903204,-1.368043,16.271247,71.670596,16.702596,9.434394,NCGMtherm345925_View2.png
4,24,59,25,14.840346,-1.393635,16.233981,71.511584,16.543584,10.491336,NCGMtherm445925_View2.png
2,4,60,25,35.234496,2.926363,32.308133,65.155262,10.187262,6.887106,NCGMtherm206025_View2.png
3,4,60,25,33.332922,2.652247,30.680675,67.44722,12.47922,7.66944,NCGMtherm306025_View2.png
4,4,60,25,31.62167,2.398478,29.223192,68.156564,13.188564,8.23833,NCGMtherm406025_View2.png
2,8,60,25,29.565739,1.554835,28.010904,67.102952,12.134952,7.684614,NCGMtherm216025_View2.png
3,8,60,25,28.399798,1.477217,26.922581,69.263672,14.295672,8.683218,NCGMtherm316025_View2.png
4,8,60,25,27.140493,1.307514,25.832978,69.191456,14.223456,9.310086,NCGMtherm416025_View2.png
2,12,60,25,24.183733,0.116337,24.067396,68.174096,13.206096,8.132328,NCGMtherm226025_View2.png
3,12,60,25,23.751783,0.176083,23.5757,70.706948,15.738948,9.320886,NCGMtherm326025_View2.png
4,12,60,25,22.956882,0.134481,22.822401,70.521458,15.553458,10.075482,NCGMtherm426025_View2.png
2,16,60,25,19.84698,-0.354074,20.201054,68.67689,13.70889,8.325756,NCGMtherm236025_View2.png
3,16,60,25,19.882205,-0.690829,20.573034,71.430152,16.462152,9.673056,NCGMtherm336025_View2.png
4,16,60,25,19.418724,-0.782478,20.201202,71.22956,16.26156,10.561266,NCGMtherm436025_View2.png
2,24,60,25,14.036933,-1.463025,15.499959,69.166292,14.198292,8.54595,NCGMtherm246025_View2.png
3,24,60,25,14.394256,-1.438943,15.833199,71.828366,16.860366,10.021032,NCGMtherm346025_View2.png
4,24,60,25,14.327686,-1.464412,15.792099,71.747816,16.779816,10.996578,NCGMtherm446025_View2.png
2,4,50,50,67.928095,5.238938,62.689158,59.981396,5.013396,-1.61811,NCGMtherm205050_View2.png
3,4,50,50,64.290376,4.704123,59.586253,64.44041,9.47241,-0.19818,NCGMtherm305050_View2.png
4,4,50,50,60.991606,4.211496,56.78011,65.015726,10.047726,0.838548,NCGMtherm405050_View2.png
2,8,50,50,57.077345,2.571277,54.506068,63.754538,8.786538,-0.15741,NCGMtherm215050_View2.png
3,8,50,50,54.814429,2.412415,52.402014,67.235522,12.267522,1.661796,NCGMtherm315050_View2.png
4,8,50,50,52.358079,2.089815,50.268264,67.08299,12.11499,2.807532,NCGMtherm415050_View2.png
2,12,50,50,46.662087,-0.192929,46.855016,65.81858,10.85058,0.669348,NCGMtherm225050_View2.png
3,12,50,50,45.811198,-0.080275,45.891473,69.959786,14.991786,2.839536,NCGMtherm325050_View2.png
4,12,50,50,44.246775,-0.159865,44.40664,69.597788,14.629788,4.220496,NCGMtherm425050_View2.png
2,16,50,50,38.245962,-0.891337,39.1373,66.772742,11.804742,1.026828,NCGMtherm235050_View2.png
3,16,50,50,38.299387,-1.553902,39.853289,71.266316,16.298316,3.493242,NCGMtherm335050_View2.png
4,16,50,50,37.441516,-1.742221,39.183737,70.945736,15.977736,5.119776,NCGMtherm435050_View2.png
2,24,50,50,26.994217,-3.01252,30.006736,67.693604,12.725604,1.436454,NCGMtherm245050_View2.png
3,24,50,50,27.662694,-2.975464,30.638159,71.860118,16.892118,4.138704,NCGMtherm345050_View2.png
4,24,50,50,27.510948,-3.027917,30.538866,71.736494,16.768494,5.92866,NCGMtherm445050_View2.png
2,4,51,50,66.739757,4.925615,61.814142,60.830024,5.862024,-0.765468,NCGMtherm205150_View2.png
3,4,51,50,63.141139,4.39845,58.742689,64.846778,9.878778,0.5913,NCGMtherm305150_View2.png
4,4,51,50,59.879921,3.914231,55.96569,65.372684,10.404684,1.581516,NCGMtherm405150_View2.png
2,8,51,50,56.062414,2.300058,53.762356,64.533776,9.565776,0.628992,NCGMtherm215150_View2.png
3,8,51,50,53.82242,2.139983,51.682436,67.591508,12.623508,2.366604,NCGMtherm315150_View2.png
4,8,51,50,51.394821,1.825897,49.568923,67.434962,12.466962,3.460608,NCGMtherm415150_View2.png
2,12,51,50,45.820345,-0.408087,46.228432,66.55793,11.58993,1.417608,NCGMtherm225150_View2.png
3,12,51,50,44.971652,-0.298161,45.269813,70.234484,15.266484,3.489984,NCGMtherm325150_View2.png
4,12,51,50,43.423822,-0.376689,43.800511,69.877598,14.909598,4.808412,NCGMtherm425150_View2.png
2,16,51,50,37.551107,-1.002044,38.553152,67.492652,12.524652,1.758294,NCGMtherm235150_View2.png
3,16,51,50,37.592695,-1.650743,39.243438,71.448494,16.480494,4.113198,NCGMtherm335150_View2.png
4,16,51,50,36.741513,-1.822683,38.564196,71.187044,16.219044,5.665986,NCGMtherm435150_View2.png
2,24,51,50,26.501144,-3.080625,29.58177,68.397044,13.429044,2.148984,NCGMtherm245150_View2.png
3,24,51,50,27.149725,-3.045118,30.194843,71.970692,17.002692,4.7286,NCGMtherm345150_View2.png
4,24,51,50,26.992898,-3.097327,30.090226,71.848508,16.880508,6.437052,NCGMtherm445150_View2.png
2,4,52,50,65.548422,4.612523,60.935899,61.678022,6.710022,0.08658,NCGMtherm205250_View2.png
3,4,52,50,61.989524,4.09302,57.896503,65.235164,10.267164,1.380042,NCGMtherm305250_View2.png
4,4,52,50,58.766376,3.617213,55.149163,65.729462,10.761462,2.323692,NCGMtherm405250_View2.png
2,8,52,50,55.045848,2.029101,53.016747,65.312402,10.344402,1.414764,NCGMtherm215250_View2.png
3,8,52,50,52.829057,1.867811,50.961246,67.947206,12.979206,3.07071,NCGMtherm315250_View2.png
4,8,52,50,50.430299,1.562228,48.868071,67.786682,12.818682,4.112946,NCGMtherm415250_View2.png
2,12,52,50,44.977798,-0.623021,45.600819,67.29674,12.32874,2.165292,NCGMtherm225250_View2.png
3,12,52,50,44.131314,-0.515822,44.647136,70.508966,15.540966,4.13982,NCGMtherm325250_View2.png
4,12,52,50,42.600268,-0.593295,43.193563,70.157174,15.189174,5.395698,NCGMtherm425250_View2.png
2,16,52,50,36.855452,-1.11275,37.968202,68.212238,13.244238,2.489238,NCGMtherm235250_View2.png
3,16,52,50,36.885979,-1.736891,38.622869,71.625002,16.657002,4.732632,NCGMtherm335250_View2.png
4,16,52,50,36.041467,-1.91515,37.956617,71.373398,16.405398,6.211656,NCGMtherm435250_View2.png
2,24,52,50,26.008206,-3.148667,29.156873,69.099998,14.131998,2.861064,NCGMtherm245250_View2.png
3,24,52,50,26.635855,-3.114703,29.750558,72.057938,17.089938,5.318046,NCGMtherm345250_View2.png
4,24,52,50,26.475479,-3.166671,29.64215,71.960468,16.992468,6.94503,NCGMtherm445250_View2.png
2,4,53,50,64.354094,4.299549,60.054545,62.525732,7.557732,0.938304,NCGMtherm205350_View2.png
3,4,53,50,60.835507,3.787726,57.04778,65.623478,10.655478,2.168352,NCGMtherm305350_View2.png
4,4,53,50,57.650671,3.320337,54.330335,66.08615,11.11815,3.065346,NCGMtherm405350_View2.png
2,8,53,50,54.027347,1.758308,52.269039,66.090704,11.122704,2.200212,NCGMtherm215350_View2.png
3,8,53,50,51.834013,1.595802,50.238212,68.302778,13.334778,3.774366,NCGMtherm315350_View2.png
4,8,53,50,49.464457,1.298715,48.165742,68.138276,13.170276,4.76478,NCGMtherm415350_View2.png
2,12,53,50,44.133963,-0.793048,44.927011,68.035244,13.067244,2.912706,NCGMtherm225350_View2.png
3,12,53,50,43.289978,-0.733337,44.023314,70.783304,15.815304,4.78926,NCGMtherm325350_View2.png
4,12,53,50,41.775823,-0.809763,42.585586,70.436624,15.468624,5.982552,NCGMtherm425350_View2.png
2,16,53,50,36.159452,-1.169448,37.3289,68.931446,13.963446,3.219948,NCGMtherm235350_View2.png
3,16,53,50,36.177852,-1.828472,38.006325,71.755916,16.787916,5.351742,NCGMtherm335350_View2.png
4,16,53,50,35.339696,-2.009622,37.349318,71.559572,16.591572,6.756966,NCGMtherm435350_View2.png
2,24,53,50,25.51486,-3.21667,28.73153,69.802754,14.834754,3.57291,NCGMtherm245350_View2.png
3,24,53,50,26.122052,-3.184247,29.306299,72.134546,17.166546,5.907222,NCGMtherm345350_View2.png
4,24,53,50,25.957093,-3.235972,29.193065,72.05189,17.08389,7.45272,NCGMtherm445350_View2.png
2,4,54,50,63.157048,3.986805,59.170243,63.372794,8.404794,1.789434,NCGMtherm205450_View2.png
3,4,54,50,59.679117,3.482674,56.196443,66.011558,11.043558,2.955906,NCGMtherm305450_View2.png
4,4,54,50,56.533118,3.023706,53.509412,66.442622,11.474622,3.806208,NCGMtherm405450_View2.png
2,8,54,50,53.007253,1.487777,51.519476,66.868376,11.900376,2.985048,NCGMtherm215450_View2.png
3,8,54,50,50.837628,1.324052,49.513576,68.65808,13.69008,4.477302,NCGMtherm315450_View2.png
4,8,54,50,48.497445,1.035449,47.461995,68.489618,13.521618,5.415894,NCGMtherm415450_View2.png
2,12,54,50,43.289321,-0.910462,44.199782,68.773208,13.805208,3.659562,NCGMtherm225450_View2.png
3,12,54,50,42.447944,-0.950627,43.398571,71.023046,16.055046,5.438088,NCGMtherm325450_View2.png
4,12,54,50,40.950665,-1.026014,41.976679,70.715876,15.747876,6.568776,NCGMtherm425450_View2.png
2,16,54,50,35.462819,-1.302498,36.765316,69.650222,14.682222,3.950172,NCGMtherm235450_View2.png
3,16,54,50,35.470189,-1.924322,37.394511,71.886794,16.918794,5.970294,NCGMtherm335450_View2.png
4,16,54,50,34.637615,-2.086784,36.724399,71.71907,16.75107,7.301718,NCGMtherm435450_View2.png
2,24,54,50,25.021636,-3.28461,28.306245,70.505042,15.537042,4.284306,NCGMtherm245450_View2.png
3,24,54,50,25.608415,-3.253724,28.862139,72.2111,17.2431,6.49593,NCGMtherm345450_View2.png
4,24,54,50,25.438904,-3.305208,28.744111,72.129452,17.161452,7.959996,NCGMtherm445450_View2.png
2,4,55,50,61.956576,3.67418,58.282396,64.219568,9.251568,2.640258,NCGMtherm205550_View2.png
3,4,55,50,58.520076,3.177757,55.34232,66.399566,11.431566,3.743028,NCGMtherm305550_View2.png
4,4,55,50,55.413271,2.727218,52.686054,66.799022,11.831022,4.546566,NCGMtherm405550_View2.png
2,8,55,50,51.985194,1.217411,50.767783,67.645706,12.677706,3.769542,NCGMtherm215550_View2.png
3,8,55,50,49.839455,1.052464,48.786991,69.013238,14.045238,5.179788,NCGMtherm315550_View2.png
4,8,55,50,47.528969,0.77234,46.75663,68.840834,13.872834,6.066504,NCGMtherm415550_View2.png
2,12,55,50,42.443475,-1.027793,43.471267,69.510902,14.542902,4.406112,NCGMtherm225550_View2.png
3,12,55,50,41.604768,-1.167771,42.772539,71.203658,16.235658,6.08652,NCGMtherm325550_View2.png
4,12,55,50,40.124615,-1.242126,41.366741,70.995002,16.027002,7.154586,NCGMtherm425550_View2.png
2,16,55,50,34.766525,-1.457662,36.224188,70.368782,15.400782,4.680144,NCGMtherm235550_View2.png
3,16,55,50,34.76096,-1.975639,36.736598,72.012218,17.044218,6.58854,NCGMtherm335550_View2.png
4,16,55,50,33.935618,-2.185237,36.120855,71.851082,16.883082,7.846128,NCGMtherm435550_View2.png
2,24,55,50,24.527413,-3.35251,27.879924,71.207132,16.239132,4.995468,NCGMtherm245550_View2.png
3,24,55,50,25.093779,-3.323158,28.416938,72.287636,17.319636,7.084404,NCGMtherm345550_View2.png
4,24,55,50,24.920221,-3.374401,28.294623,72.206996,17.238996,8.466984,NCGMtherm445550_View2.png
2,4,56,50,60.75357,3.361784,57.391785,65.065712,10.097712,3.490452,NCGMtherm205650_View2.png
3,4,56,50,57.358692,2.873084,54.485608,66.787358,11.819358,4.529412,NCGMtherm305650_View2.png
4,4,56,50,54.291583,2.430976,51.860606,67.155206,12.187206,5.28615,NCGMtherm405650_View2.png
2,8,56,50,50.961548,0.947306,50.014242,68.422424,13.454424,4.553424,NCGMtherm215650_View2.png
3,8,56,50,48.840046,0.781136,48.05891,69.368126,14.400126,5.881572,NCGMtherm315650_View2.png
4,8,56,50,46.559306,0.509478,46.049828,69.191816,14.223816,6.716376,NCGMtherm415650_View2.png
2,12,56,50,41.596752,-1.144999,42.741751,70.24802,15.28002,5.152122,NCGMtherm225650_View2.png
3,12,56,50,40.760804,-1.294648,42.055452,71.384126,16.416126,6.734322,NCGMtherm325650_View2.png
4,12,56,50,39.297872,-1.458022,40.755894,71.200688,16.232688,7.739748,NCGMtherm425650_View2.png
2,16,56,50,34.068721,-1.572641,35.641361,71.086766,16.118766,5.409612,NCGMtherm235650_View2.png
3,16,56,50,34.052037,-2.127259,36.179295,72.089402,17.121402,7.206246,NCGMtherm335650_View2.png
4,16,56,50,33.23295,-2.260657,35.493607,71.984552,17.016552,8.389998,NCGMtherm435650_View2.png
2,24,56,50,24.032835,-3.420348,27.453183,71.908736,16.940736,5.70618,NCGMtherm245650_View2.png
3,24,56,50,24.579355,-3.392526,27.971881,72.34997,17.38197,7.672392,NCGMtherm345650_View2.png
4,24,56,50,24.401675,-3.443528,27.845203,72.282866,17.314866,8.973558,NCGMtherm445650_View2.png
2,4,57,50,59.547764,3.049507,56.498257,65.91155,10.94355,4.34034,NCGMtherm205750_View2.png
3,4,57,50,56.194809,2.568544,53.626266,67.175078,12.207078,5.315346,NCGMtherm305750_View2.png
4,4,57,50,53.167679,2.134875,51.032804,67.511336,12.543336,6.025194,NCGMtherm405750_View2.png
2,8,57,50,49.935957,0.677364,49.258593,69.1988,14.2308,5.336964,NCGMtherm215750_View2.png
3,8,57,50,47.838982,0.509969,47.329013,69.72287,14.75487,6.582888,NCGMtherm315750_View2.png
4,8,57,50,45.588182,0.24677,45.341413,69.542672,14.574672,7.365762,NCGMtherm415750_View2.png
2,12,57,50,40.748788,-1.262123,42.010911,70.984868,16.016868,5.897844,NCGMtherm225750_View2.png
3,12,57,50,39.915865,-1.410145,41.32601,71.564504,16.596504,7.381764,NCGMtherm325750_View2.png
4,12,57,50,38.470236,-1.627962,40.098198,71.38391,16.41591,8.324496,NCGMtherm425750_View2.png
2,16,57,50,33.370303,-1.681365,35.051669,71.806352,16.838352,6.138846,NCGMtherm235750_View2.png
3,16,57,50,33.342386,-2.243916,35.586303,72.17627,17.20827,7.823628,NCGMtherm335750_View2.png
4,16,57,50,32.529587,-2.359141,34.888728,72.075218,17.107218,8.933508,NCGMtherm435750_View2.png
2,24,57,50,23.538325,-3.488146,27.026472,72.483656,17.515656,6.416658,NCGMtherm245750_View2.png
3,24,57,50,24.064429,-3.461852,27.526281,72.399812,17.431812,8.26011,NCGMtherm345750_View2.png
4,24,57,50,23.882638,-3.512613,27.395251,72.339404,17.371404,9.479862,NCGMtherm445750_View2.png
2,4,58,50,58.338655,2.737461,55.601194,66.756758,11.788758,5.189634,NCGMtherm205850_View2.png
3,4,58,50,55.028605,2.264249,52.764356,67.562564,12.594564,6.100542,NCGMtherm305850_View2.png
4,4,58,50,52.041958,1.839021,50.202937,67.867232,12.899232,6.763464,NCGMtherm405850_View2.png
2,8,58,50,48.908731,0.407685,48.501046,69.974564,15.006564,6.119892,NCGMtherm215850_View2.png
3,8,58,50,46.836477,0.239061,46.597416,70.077344,15.109344,7.283502,NCGMtherm315850_View2.png
4,8,58,50,44.616034,-0.01569,44.631724,69.893294,14.925294,8.01441,NCGMtherm415850_View2.png
2,12,58,50,39.900129,-1.379122,41.279251,71.721158,16.753158,6.643008,NCGMtherm225850_View2.png
3,12,58,50,39.070235,-1.525515,40.59575,71.744756,16.776756,8.028558,NCGMtherm325850_View2.png
4,12,58,50,37.641996,-1.739962,39.381958,71.567006,16.599006,8.908614,NCGMtherm425850_View2.png
2,16,58,50,32.672046,-1.792766,34.464812,72.356756,17.388756,6.867576,NCGMtherm235850_View2.png
3,16,58,50,32.632136,-2.342811,34.974947,72.252446,17.284446,8.440452,NCGMtherm335850_View2.png
4,16,58,50,31.825768,-2.493982,34.319751,72.158792,17.190792,9.476478,NCGMtherm435850_View2.png
2,24,58,50,23.042917,-3.555882,26.598798,72.532184,17.564184,7.126686,NCGMtherm245850_View2.png
3,24,58,50,23.54912,-3.531111,27.080231,72.4496,17.4816,8.847378,NCGMtherm345850_View2.png
4,24,58,50,23.363282,-3.581632,26.944913,72.39002,17.42202,9.985716,NCGMtherm445850_View2.png
2,4,59,50,57.126847,2.425533,54.701313,67.60166,12.63366,6.038604,NCGMtherm205950_View2.png
3,4,59,50,53.859739,1.960087,51.899653,67.949978,12.981978,6.885288,NCGMtherm305950_View2.png
4,4,59,50,50.913998,1.543307,49.370691,68.223056,13.255056,7.50123,NCGMtherm405950_View2.png
2,8,59,50,47.879593,0.138169,47.741425,70.749986,15.781986,6.902496,NCGMtherm215950_View2.png
3,8,59,50,45.832374,-0.031685,45.864059,70.431692,15.463692,7.983648,NCGMtherm315950_View2.png
4,8,59,50,43.642291,-0.277995,43.920286,70.243772,15.275772,8.662554,NCGMtherm415950_View2.png
2,12,59,50,39.050077,-1.496039,40.546116,72.15944,17.19144,7.387884,NCGMtherm225950_View2.png
3,12,59,50,38.223406,-1.6408,39.864206,71.924918,16.956918,8.674974,NCGMtherm325950_View2.png
4,12,59,50,36.813285,-1.851879,38.665165,71.75003,16.78203,9.492318,NCGMtherm425950_View2.png
2,16,59,50,31.972315,-1.901163,33.873478,72.404366,17.436366,7.597746,NCGMtherm235950_View2.png
3,16,59,50,31.921247,-2.442655,34.363902,72.301964,17.333964,9.056934,NCGMtherm335950_View2.png
4,16,59,50,31.121978,-2.589345,33.711323,72.23315,17.26515,10.019088,NCGMtherm435950_View2.png
2,24,59,50,22.547557,-3.623578,26.171135,72.580676,17.612676,7.83648,NCGMtherm245950_View2.png
3,24,59,50,23.033867,-3.600329,26.634196,72.499388,17.531388,9.434394,NCGMtherm345950_View2.png
4,24,59,50,22.843414,-3.650609,26.494023,72.440636,17.472636,10.491336,NCGMtherm445950_View2.png
2,4,60,50,55.911847,2.113779,53.798067,68.112212,13.144212,6.887106,NCGMtherm206050_View2.png
3,4,60,50,52.6885,1.656115,51.032385,68.337248,13.369248,7.66944,NCGMtherm306050_View2.png
4,4,60,50,49.783937,1.247785,48.536152,68.578754,13.610754,8.23833,NCGMtherm406050_View2.png
2,8,60,50,46.848761,-0.131135,46.979895,71.175578,16.207578,7.684614,NCGMtherm216050_View2.png
3,8,60,50,44.826569,-0.302221,45.12879,70.785824,15.817824,8.683218,NCGMtherm316050_View2.png
4,8,60,50,42.667282,-0.5401,43.207382,70.594088,15.626088,9.310086,NCGMtherm416050_View2.png
2,12,60,50,38.199115,-1.612852,39.811967,72.229604,17.261604,8.132328,NCGMtherm226050_View2.png
3,12,60,50,37.375769,-1.755979,39.131747,72.088052,17.120052,9.320886,NCGMtherm326050_View2.png
4,12,60,50,35.982994,-1.963693,37.946687,71.932946,16.964946,10.075482,NCGMtherm426050_View2.png
2,16,60,50,31.271987,-2.009496,33.281483,72.451958,17.483958,8.325756,NCGMtherm236050_View2.png
3,16,60,50,31.209758,-2.539997,33.749755,72.35141,17.38341,9.673056,NCGMtherm336050_View2.png
4,16,60,50,30.417609,-2.686628,33.104237,72.283766,17.315766,10.561266,NCGMtherm436050_View2.png
2,24,60,50,22.051272,-3.691224,25.742496,72.629132,17.661132,8.54595,NCGMtherm246050_View2.png
3,24,60,50,22.517678,-3.669492,26.187171,72.54914,17.58114,10.021032,NCGMtherm346050_View2.png
4,24,60,50,22.323688,-3.719533,26.043221,72.491216,17.523216,10.996578,NCGMtherm446050_View2.png
2,4,50,75,88.679573,4.422857,84.256716,63.283586,8.315586,-1.61811,NCGMtherm205075_View2.png
3,4,50,75,83.705033,3.7044,80.000633,64.951556,9.983556,-0.19818,NCGMtherm305075_View2.png
4,4,50,75,79.186443,3.058223,76.128221,65.439608,10.471608,0.838548,NCGMtherm405075_View2.png
2,8,50,75,74.37893,0.882807,73.496123,68.18396,13.21596,-0.15741,NCGMtherm215075_View2.png
3,8,50,75,71.236265,0.632371,70.603894,68.758736,13.790736,1.661796,NCGMtherm315075_View2.png
4,8,50,75,67.850421,0.245035,67.605387,68.4842,13.5162,2.807532,NCGMtherm415075_View2.png
2,12,50,75,60.622121,-1.940545,62.562667,70.826504,15.858504,0.669348,NCGMtherm225075_View2.png
3,12,50,75,59.363422,-2.161589,61.525011,71.428604,16.460604,2.839536,NCGMtherm325075_View2.png
4,12,50,75,57.177224,-2.483018,59.660241,71.15765,16.18965,4.220496,NCGMtherm425075_View2.png
2,16,50,75,49.564457,-2.550523,52.11498,72.021758,17.053758,1.026828,NCGMtherm235075_View2.png
3,16,50,75,49.506778,-3.385058,52.891836,72.295178,17.327178,3.493242,NCGMtherm335075_View2.png
4,16,50,75,48.269826,-3.590354,51.86018,72.138578,17.170578,5.119776,NCGMtherm435075_View2.png
2,24,50,75,34.884264,-5.179789,40.064053,72.73067,17.76267,1.436454,NCGMtherm245075_View2.png
3,24,50,75,35.640621,-5.150225,40.790847,72.607406,17.639406,4.138704,NCGMtherm345075_View2.png
4,24,50,75,35.343779,-5.227437,40.571216,72.517622,17.549622,5.92866,NCGMtherm445075_View2.png
2,4,51,75,87.478063,4.110117,83.367946,64.130198,9.162198,-0.765468,NCGMtherm205175_View2.png
3,4,51,75,82.540574,3.399585,79.140989,65.339654,10.371654,0.5913,NCGMtherm305175_View2.png
4,4,51,75,78.05828,2.762073,75.296208,65.79608,10.82808,1.581516,NCGMtherm405175_View2.png
2,8,51,75,73.349406,0.613258,72.736148,68.959616,13.991616,0.628992,NCGMtherm215175_View2.png
3,8,51,75,70.228991,0.361807,69.867184,69.113012,14.145012,2.366604,NCGMtherm315175_View2.png
4,8,51,75,66.871628,-0.016848,66.888476,68.834498,13.866498,3.460608,NCGMtherm415175_View2.png
2,12,51,75,59.767389,-2.056834,61.824223,71.56148,16.59348,1.417608,NCGMtherm225175_View2.png
3,12,51,75,58.50984,-2.276138,60.785978,71.608298,16.640298,3.489984,NCGMtherm325175_View2.png
4,12,51,75,56.341182,-2.594053,58.935235,71.340188,16.372188,4.808412,NCGMtherm425175_View2.png
2,16,51,75,48.860662,-2.660302,51.520964,72.526478,17.558478,1.758294,NCGMtherm235175_View2.png
3,16,51,75,48.789625,-3.483405,52.27303,72.369572,17.401572,4.113198,NCGMtherm335175_View2.png
4,16,51,75,47.559055,-3.698281,51.257336,72.225788,17.257788,5.665986,NCGMtherm435175_View2.png
2,24,51,75,34.385657,-5.246417,39.632074,72.778838,17.810838,2.148984,NCGMtherm245175_View2.png
3,24,51,75,35.120838,-5.218213,40.339051,72.65687,17.68887,4.7286,NCGMtherm345175_View2.png
4,24,51,75,34.81957,-5.29507,40.11464,72.567896,17.599896,6.437052,NCGMtherm445175_View2.png
2,4,52,75,86.274213,3.797608,82.476605,64.976198,10.008198,0.08658,NCGMtherm205275_View2.png
3,4,52,75,81.373827,3.095013,78.278815,65.727554,10.759554,1.380042,NCGMtherm305275_View2.png
4,4,52,75,76.928412,2.466169,74.462242,66.152354,11.184354,2.323692,NCGMtherm405275_View2.png
2,8,52,75,72.318277,0.343971,71.974306,69.73466,14.76666,1.414764,NCGMtherm215275_View2.png
3,8,52,75,69.220203,0.091503,69.1287,69.467018,14.499018,3.07071,NCGMtherm315275_View2.png
4,8,52,75,65.891622,-0.278483,66.170105,69.184544,14.216544,4.112946,NCGMtherm415275_View2.png
2,12,52,75,58.911833,-2.173,61.084833,72.166496,17.198496,2.165292,NCGMtherm225275_View2.png
3,12,52,75,57.656481,-2.390561,60.047042,71.787848,16.819848,4.13982,NCGMtherm325275_View2.png
4,12,52,75,55.504326,-2.704965,58.209291,71.5226,16.5546,5.395698,NCGMtherm425275_View2.png
2,16,52,75,48.15559,-2.767765,50.923354,72.573764,17.605764,2.489238,NCGMtherm235275_View2.png
3,16,52,75,48.072709,-3.581478,51.654187,72.420548,17.452548,4.732632,NCGMtherm335275_View2.png
4,16,52,75,46.84776,-3.80135,50.649111,72.30749,17.33949,6.211656,NCGMtherm435275_View2.png
2,24,52,75,33.886086,-5.312983,39.199069,72.826988,17.858988,2.861064,NCGMtherm245275_View2.png
3,24,52,75,34.600593,-5.286136,39.886729,72.70628,17.73828,5.318046,NCGMtherm345275_View2.png
4,24,52,75,34.294901,-5.36264,39.657541,72.618134,17.650134,6.94503,NCGMtherm445275_View2.png
2,4,53,75,85.067009,3.485218,81.58179,65.744762,10.776762,0.938304,NCGMtherm205375_View2.png
3,4,53,75,80.204526,2.790575,77.413951,66.115364,11.147364,2.168352,NCGMtherm305375_View2.png
4,4,53,75,75.796299,2.170407,73.625892,66.508538,11.540538,3.065346,NCGMtherm405375_View2.png
2,8,53,75,71.285266,0.074848,71.210418,70.407068,15.439068,2.200212,NCGMtherm215375_View2.png
3,8,53,75,68.209862,-0.17864,68.388501,69.82088,14.85288,3.774366,NCGMtherm315375_View2.png
4,8,53,75,64.910282,-0.539965,65.450247,69.534464,14.566464,4.76478,NCGMtherm415375_View2.png
2,12,53,75,58.055338,-2.289084,60.344422,72.278384,17.310384,2.912706,NCGMtherm225375_View2.png
3,12,53,75,56.802273,-2.5049,59.307173,71.967326,16.999326,4.78926,NCGMtherm325375_View2.png
4,12,53,75,54.666595,-2.815795,57.48239,71.704922,16.736922,5.982552,NCGMtherm425375_View2.png
2,16,53,75,47.449818,-2.875185,50.325003,72.62105,17.65305,3.219948,NCGMtherm235375_View2.png
3,16,53,75,47.354277,-3.679445,51.033722,72.46976,17.50176,5.351742,NCGMtherm335375_View2.png
4,16,53,75,46.1358,-3.896898,50.032698,72.367106,17.399106,6.756966,NCGMtherm435375_View2.png
2,24,53,75,33.386685,-5.379512,38.766198,72.87512,17.90712,3.57291,NCGMtherm245375_View2.png
3,24,53,75,34.079956,-5.354019,39.433975,72.755672,17.787672,5.907222,NCGMtherm345375_View2.png
4,24,53,75,33.770308,-5.43017,39.200478,72.668336,17.700336,7.45272,NCGMtherm445375_View2.png
2,4,54,75,83.856852,3.173059,80.683794,66.165422,11.197422,1.789434,NCGMtherm205475_View2.png
3,4,54,75,79.032943,2.486382,76.546561,66.502958,11.534958,2.955906,NCGMtherm305475_View2.png
4,4,54,75,74.662256,1.874892,72.787363,66.864524,11.896524,3.806208,NCGMtherm405475_View2.png
2,8,54,75,70.250453,-0.194015,70.444468,70.760498,15.792498,2.985048,NCGMtherm215475_View2.png
3,8,54,75,67.198184,-0.448525,67.646709,70.174472,15.206472,4.477302,NCGMtherm315475_View2.png
4,8,54,75,63.927823,-0.801199,64.729023,69.88415,14.91615,5.415894,NCGMtherm415475_View2.png
2,12,54,75,57.198168,-2.405045,59.603213,72.340484,17.372484,3.659562,NCGMtherm225475_View2.png
3,12,54,75,55.946243,-2.619113,58.565356,72.124052,17.156052,5.438088,NCGMtherm325475_View2.png
4,12,54,75,53.828973,-2.926503,56.755476,71.887118,16.919118,6.568776,NCGMtherm425475_View2.png
2,16,54,75,46.743391,-2.982499,49.72589,72.668318,17.700318,3.950172,NCGMtherm235475_View2.png
3,16,54,75,46.636075,-3.77553,50.411605,72.518864,17.550864,5.970294,NCGMtherm335475_View2.png
4,16,54,75,45.424149,-3.992247,49.416396,72.417416,17.449416,7.301718,NCGMtherm435475_View2.png
2,24,54,75,32.88683,-5.44598,38.33281,72.923198,17.955198,4.284306,NCGMtherm245475_View2.png
3,24,54,75,33.559494,-5.421837,38.981332,72.805028,17.837028,6.49593,NCGMtherm345475_View2.png
4,24,54,75,33.245352,-5.497635,38.742987,72.71852,17.75052,7.959996,NCGMtherm445475_View2.png
2,4,55,75,82.643901,2.861017,79.782884,66.58601,11.61801,2.640258,NCGMtherm205575_View2.png
3,4,55,75,77.858706,2.182324,75.676382,66.89048,11.92248,3.743028,NCGMtherm305575_View2.png
4,4,55,75,73.526012,1.579517,71.946495,67.220438,12.252438,4.546566,NCGMtherm405575_View2.png
2,8,55,75,69.213919,-0.462714,69.676633,71.100032,16.132032,3.769542,NCGMtherm215575_View2.png
3,8,55,75,66.184739,-0.718249,66.902987,70.527938,15.559938,5.179788,NCGMtherm315575_View2.png
4,8,55,75,62.943781,-1.062281,64.006062,70.23371,15.26571,6.066504,NCGMtherm415575_View2.png
2,12,55,75,56.34004,-2.520925,58.860965,72.392414,17.424414,4.406112,NCGMtherm225575_View2.png
3,12,55,75,55.090328,-2.733243,57.823571,72.240926,17.272926,6.08652,NCGMtherm325575_View2.png
4,12,55,75,52.989408,-3.037128,56.026535,72.065426,17.097426,7.154586,NCGMtherm425575_View2.png
2,16,55,75,46.036515,-3.089728,49.126243,72.715496,17.747496,4.680144,NCGMtherm235575_View2.png
3,16,55,75,45.916344,-3.871546,49.78789,72.56795,17.59995,6.58854,NCGMtherm335575_View2.png
4,16,55,75,44.711717,-4.08594,48.797656,72.467636,17.499636,7.846128,NCGMtherm435575_View2.png
2,24,55,75,32.387019,-5.51241,37.899429,72.971276,18.003276,4.995468,NCGMtherm245575_View2.png
3,24,55,75,33.038501,-5.489616,38.528116,72.854384,17.886384,7.084404,NCGMtherm345575_View2.png
4,24,55,75,32.719887,-5.565061,38.284948,72.768686,17.800686,8.466984,NCGMtherm445575_View2.png
2,4,56,75,81.428102,2.549208,78.878895,67.006346,12.038346,3.490452,NCGMtherm205675_View2.png
3,4,56,75,76.682237,1.878509,74.803728,67.277786,12.309786,4.529412,NCGMtherm305675_View2.png
4,4,56,75,72.387755,1.284388,71.103367,67.576136,12.608136,5.28615,NCGMtherm405675_View2.png
2,8,56,75,68.175614,-0.731152,68.906766,71.39975,16.43175,4.553424,NCGMtherm215675_View2.png
3,8,56,75,65.169974,-0.987714,66.157688,70.881134,15.913134,5.881572,NCGMtherm315675_View2.png
4,8,56,75,61.958789,-1.323117,63.281906,70.583018,15.615018,6.716376,NCGMtherm415675_View2.png
2,12,56,75,55.480079,-2.636681,58.11676,72.44429,17.47629,5.152122,NCGMtherm225675_View2.png
3,12,56,75,54.233554,-2.847246,57.0808,72.302198,17.334198,6.734322,NCGMtherm325675_View2.png
4,12,56,75,52.150094,-3.147631,55.297725,72.20057,17.23257,7.739748,NCGMtherm425675_View2.png
2,16,56,75,45.328935,-3.19721,48.526146,72.762674,17.794674,5.409612,NCGMtherm235675_View2.png
3,16,56,75,45.197915,-3.967402,49.165317,72.616982,17.648982,7.206246,NCGMtherm335675_View2.png
4,16,56,75,43.998799,-4.179517,48.178316,72.517784,17.549784,8.389998,NCGMtherm435675_View2.png
2,24,56,75,31.886369,-5.578779,37.465148,73.0193,18.0513,5.70618,NCGMtherm245675_View2.png
3,24,56,75,32.517168,-5.557329,38.074496,72.903686,17.935686,7.672392,NCGMtherm345675_View2.png
4,24,56,75,32.194567,-5.632423,37.826991,72.818834,17.850834,8.973558,NCGMtherm445675_View2.png
2,4,57,75,80.209087,2.237516,77.971571,67.42661,12.45861,4.34034,NCGMtherm205775_View2.png
3,4,57,75,75.503146,1.574828,73.928318,67.665002,12.697002,5.315346,NCGMtherm305775_View2.png
4,4,57,75,71.247718,0.989401,70.258317,67.931762,12.963762,6.025194,NCGMtherm405775_View2.png
2,8,57,75,67.13541,-0.999427,68.134836,71.680352,16.712352,5.336964,NCGMtherm215775_View2.png
3,8,57,75,64.153478,-1.257019,65.410497,71.234186,16.266186,6.582888,NCGMtherm315775_View2.png
4,8,57,75,60.972254,-1.583799,62.556053,70.932218,15.964218,7.365762,NCGMtherm415775_View2.png
2,12,57,75,54.620181,-2.752356,57.372537,72.49613,17.52813,5.897844,NCGMtherm225775_View2.png
3,12,57,75,53.37485,-2.961166,56.336016,72.355892,17.387892,7.381764,NCGMtherm325775_View2.png
4,12,57,75,51.308753,-3.258052,54.566805,72.26762,17.29962,8.324496,NCGMtherm425775_View2.png
2,16,57,75,44.620677,-3.32003,47.940707,72.820112,17.852112,6.138846,NCGMtherm235775_View2.png
3,16,57,75,44.477925,-4.063374,48.541299,72.666014,17.698014,7.823628,NCGMtherm335775_View2.png
4,16,57,75,43.285044,-4.273071,47.558115,72.56795,17.59995,8.933508,NCGMtherm435775_View2.png
2,24,57,75,31.385225,-5.645111,37.030336,73.063652,18.095652,6.416658,NCGMtherm245775_View2.png
3,24,57,75,31.995883,-5.625003,37.620886,72.950756,17.982756,8.26011,NCGMtherm345775_View2.png
4,24,57,75,31.669325,-5.699746,37.36907,72.868334,17.900334,9.479862,NCGMtherm445775_View2.png
2,4,58,75,78.987384,1.926055,77.061329,67.846622,12.878622,5.189634,NCGMtherm205875_View2.png
3,4,58,75,74.321668,1.271392,73.050276,68.052002,13.084002,6.100542,NCGMtherm305875_View2.png
4,4,58,75,70.105358,0.694659,69.410699,68.287172,13.319172,6.763464,NCGMtherm405875_View2.png
2,8,58,75,66.093753,-1.22245,67.316203,71.94506,16.97706,6.119892,NCGMtherm215875_View2.png
3,8,58,75,63.135602,-1.526066,64.661669,71.538368,16.570368,7.283502,NCGMtherm315875_View2.png
4,8,58,75,59.98442,-1.844235,61.828655,71.281184,16.313184,8.01441,NCGMtherm415875_View2.png
2,12,58,75,53.758461,-2.867909,56.62637,72.547934,17.579934,6.643008,NCGMtherm225875_View2.png
3,12,58,75,52.516506,-3.074961,55.591467,72.409532,17.441532,8.028558,NCGMtherm325875_View2.png
4,12,58,75,50.467711,-3.368352,53.836063,72.322304,17.354304,8.908614,NCGMtherm425875_View2.png
2,16,58,75,43.913187,-3.426836,47.340023,72.867704,17.899704,6.867576,NCGMtherm235875_View2.png
3,16,58,75,43.757185,-4.172131,47.929316,72.723992,17.755992,8.440452,NCGMtherm335875_View2.png
4,16,58,75,42.571498,-4.366664,46.938162,72.618098,17.650098,9.476478,NCGMtherm435875_View2.png
2,24,58,75,30.884225,-5.711381,36.595605,73.105016,18.137016,7.126686,NCGMtherm245875_View2.png
3,24,58,75,31.474281,-5.692612,37.166892,72.993416,18.025416,8.847378,NCGMtherm345875_View2.png
4,24,58,75,31.143176,-5.767005,36.91018,72.91184,17.94384,9.985716,NCGMtherm445875_View2.png
2,4,59,75,77.762469,1.614713,76.147756,68.266562,13.298562,6.038604,NCGMtherm205975_View2.png
3,4,59,75,73.137692,0.96809,72.169602,68.438912,13.470912,6.885288,NCGMtherm305975_View2.png
4,4,59,75,68.961092,0.400058,68.561034,68.64251,13.67451,7.50123,NCGMtherm405975_View2.png
2,8,59,75,65.050027,-1.366907,66.416934,72.054518,17.086518,6.902496,NCGMtherm215975_View2.png
3,8,59,75,62.1162,-1.794954,63.911153,71.817728,16.849728,7.983648,NCGMtherm315975_View2.png
4,8,59,75,58.995506,-2.10452,61.100026,71.584664,16.616664,8.662554,NCGMtherm415975_View2.png
2,12,59,75,52.895914,-2.98338,55.879294,72.599702,17.631702,7.387884,NCGMtherm225975_View2.png
3,12,59,75,51.656037,-3.188672,54.844709,72.463154,17.495154,8.674974,NCGMtherm325975_View2.png
4,12,59,75,49.62572,-3.478569,53.10429,72.376952,17.408952,9.492318,NCGMtherm425975_View2.png
2,16,59,75,43.204623,-3.533739,46.738362,72.915188,17.947188,7.597746,NCGMtherm235975_View2.png
3,16,59,75,43.035816,-4.267887,47.303703,72.773456,17.805456,9.056934,NCGMtherm335975_View2.png
4,16,59,75,41.856504,-4.471906,46.32841,72.676688,17.708688,10.019088,NCGMtherm435975_View2.png
2,24,59,75,30.38221,-5.777614,36.159824,73.14638,18.17838,7.83648,NCGMtherm245975_View2.png
3,24,59,75,30.952155,-5.760181,36.712336,73.036076,18.068076,9.434394,NCGMtherm345975_View2.png
4,24,59,75,30.617117,-5.834224,36.451342,72.955328,17.987328,10.491336,NCGMtherm445975_View2.png
2,4,60,75,76.534634,1.303548,75.231086,68.686322,13.718322,6.887106,NCGMtherm206075_View2.png
3,4,60,75,71.951275,0.664977,71.286298,68.825696,13.857696,7.66944,NCGMtherm306075_View2.png
4,4,60,75,67.814487,0.10565,67.708837,68.997704,14.029704,8.23833,NCGMtherm406075_View2.png
2,8,60,75,64.004482,-1.511246,65.515728,72.116636,17.148636,7.684614,NCGMtherm216075_View2.png
3,8,60,75,61.095169,-1.954565,63.049734,72.020012,17.052012,8.683218,NCGMtherm316075_View2.png
4,8,60,75,58.00494,-2.364606,60.369546,71.85227,16.88427,9.310086,NCGMtherm416075_View2.png
2,12,60,75,52.032518,-3.09875,55.131268,72.651434,17.683434,8.132328,NCGMtherm226075_View2.png
3,12,60,75,50.79584,-3.302279,54.098119,72.51674,17.54874,9.320886,NCGMtherm326075_View2.png
4,12,60,75,48.782827,-3.588685,52.371512,72.431564,17.463564,10.075482,NCGMtherm426075_View2.png
2,16,60,75,42.494753,-3.773011,46.267764,72.96269,17.99469,8.325756,NCGMtherm236075_View2.png
3,16,60,75,42.313829,-4.363576,46.677405,72.82301,17.85501,9.673056,NCGMtherm336075_View2.png
4,16,60,75,41.141584,-4.565331,45.706915,72.727268,17.759268,10.561266,NCGMtherm436075_View2.png
2,24,60,75,29.880318,-5.843798,35.724115,73.187708,18.219708,8.54595,NCGMtherm246075_View2.png
3,24,60,75,30.429612,-5.827698,36.257311,73.0787,18.1107,10.021032,NCGMtherm346075_View2.png
4,24,60,75,30.09113,-5.901392,35.992522,72.99878,18.03078,10.996578,NCGMtherm446075_View2.png
2,4,50,100,109.374096,3.609092,105.765004,65.05871,10.09071,-1.61811,NCGMtherm2050100_View2.png
3,4,50,100,103.024426,2.709637,100.31479,65.442398,10.474398,-0.19818,NCGMtherm3050100_View2.png
4,4,50,100,97.247133,1.913482,95.333651,65.860268,10.892268,0.838548,NCGMtherm4050100_View2.png
2,8,50,100,91.554748,-0.791521,92.346269,71.00123,16.03323,-0.15741,NCGMtherm2150100_View2.png
3,8,50,100,87.50131,-1.129684,88.630994,70.266056,15.298056,1.661796,NCGMtherm3150100_View2.png
4,8,50,100,83.154741,-1.57671,84.731451,69.867392,14.899392,2.807532,NCGMtherm4150100_View2.png
2,12,50,100,74.399976,-3.417923,77.817899,72.55211,17.58411,0.669348,NCGMtherm2250100_View2.png
3,12,50,100,72.711529,-3.698805,76.410335,72.358286,17.390286,2.839536,NCGMtherm3250100_View2.png
4,12,50,100,69.88332,-4.095897,73.979216,72.164246,17.196246,4.220496,NCGMtherm4250100_View2.png
2,16,50,100,60.680021,-4.147585,64.827606,72.971942,18.003942,1.026828,NCGMtherm2350100_View2.png
3,16,50,100,60.490743,-5.178224,65.668967,72.778262,17.810262,3.493242,NCGMtherm3350100_View2.png
4,16,50,100,58.857716,-5.458295,64.316011,72.645296,17.677296,5.119776,NCGMtherm4350100_View2.png
2,24,50,100,42.59178,-7.275305,49.867085,73.299992,18.331992,1.436454,NCGMtherm2450100_View2.png
3,24,50,100,43.466997,-7.249644,50.716641,73.128578,18.160578,4.138704,NCGMtherm3450100_View2.png
4,24,50,100,42.950571,-7.356866,50.307437,73.033988,18.065988,5.92866,NCGMtherm4450100_View2.png
2,4,51,100,108.160077,3.296937,104.86314,65.47946,10.51146,-0.765468,NCGMtherm2051100_View2.png
3,4,51,100,101.844729,2.40568,99.439049,65.83001,10.86201,0.5913,NCGMtherm3051100_View2.png
4,4,51,100,96.102882,1.618446,94.484436,66.216254,11.248254,1.581516,NCGMtherm4051100_View2.png
2,8,51,100,90.510644,-1.059404,91.570048,71.292524,16.324524,0.628992,NCGMtherm2151100_View2.png
3,8,51,100,86.478664,-1.398389,87.877053,70.61864,15.65064,2.366604,NCGMtherm3151100_View2.png
4,8,51,100,82.160838,-1.836577,83.997415,70.216034,15.248034,3.460608,NCGMtherm4151100_View2.png
2,12,51,100,73.532561,-3.532779,77.06534,72.603716,17.635716,1.417608,NCGMtherm2251100_View2.png
3,12,51,100,71.845405,-3.811794,75.657199,72.415346,17.447346,3.489984,NCGMtherm3251100_View2.png
4,12,51,100,69.034664,-4.205251,73.239916,72.286214,17.318214,4.808412,NCGMtherm4251100_View2.png
2,16,51,100,59.966428,-4.254123,64.220551,73.018742,18.050742,1.758294,NCGMtherm2351100_View2.png
3,16,51,100,59.763868,-5.272823,65.036691,72.82697,17.85897,4.113198,NCGMtherm3351100_View2.png
4,16,51,100,58.136573,-5.550496,63.687069,72.69512,17.72712,5.665986,NCGMtherm4351100_View2.png
2,24,51,100,42.08686,-7.340536,49.427396,73.347656,18.379656,2.148984,NCGMtherm2451100_View2.png
3,24,51,100,42.883051,-7.322311,50.205362,73.196114,18.228114,4.7286,NCGMtherm3451100_View2.png
4,24,51,100,42.479846,-7.41636,49.896206,73.064894,18.096894,6.437052,NCGMtherm4451100_View2.png
2,4,52,100,106.943198,2.985014,103.958184,65.899994,10.931994,0.08658,NCGMtherm2052100_View2.png
3,4,52,100,100.662725,2.101969,98.560756,66.217406,11.249406,1.380042,NCGMtherm3052100_View2.png
4,4,52,100,94.956375,1.323657,93.632717,66.572024,11.604024,2.323692,NCGMtherm4052100_View2.png
2,8,52,100,89.464924,-1.327027,90.791951,71.569562,16.601562,1.414764,NCGMtherm2152100_View2.png
3,8,52,100,85.454755,-1.666836,87.121591,70.970936,16.002936,3.07071,NCGMtherm3152100_View2.png
4,8,52,100,81.165524,-2.096199,83.261723,70.564424,15.596424,4.112946,NCGMtherm4152100_View2.png
2,12,52,100,72.665415,-3.647513,76.312928,72.655286,17.687286,2.165292,NCGMtherm2252100_View2.png
3,12,52,100,70.978381,-3.924659,74.90304,72.46877,17.50077,4.13982,NCGMtherm3252100_View2.png
4,12,52,100,68.18521,-4.314486,72.499696,72.350438,17.382438,5.395698,NCGMtherm4252100_View2.png
2,16,52,100,59.251444,-4.380932,63.632375,73.079096,18.111096,2.489238,NCGMtherm2352100_View2.png
3,16,52,100,59.036452,-5.367636,64.404087,72.875606,17.907606,4.732632,NCGMtherm3352100_View2.png
4,16,52,100,57.41552,-5.642632,63.058152,72.744926,17.776926,6.211656,NCGMtherm4352100_View2.png
2,24,52,100,41.581435,-7.405708,48.987143,73.392062,18.424062,2.861064,NCGMtherm2452100_View2.png
3,24,52,100,42.356574,-7.388658,49.745231,73.243778,18.275778,5.318046,NCGMtherm3452100_View2.png
4,24,52,100,41.889639,-7.488704,49.378343,73.133456,18.165456,6.94503,NCGMtherm4452100_View2.png
2,4,53,100,105.723157,2.673209,103.049947,66.32042,11.35242,0.938304,NCGMtherm2053100_View2.png
3,4,53,100,99.478322,1.798391,97.679931,66.60473,11.63673,2.168352,NCGMtherm3053100_View2.png
4,4,53,100,93.807955,1.029008,92.778947,66.92774,11.95974,3.065346,NCGMtherm4053100_View2.png
2,8,53,100,88.417131,-1.577854,89.994985,71.8349,16.8669,2.200212,NCGMtherm2153100_View2.png
3,8,53,100,84.429009,-1.935124,86.364133,71.279888,16.311888,3.774366,NCGMtherm3153100_View2.png
4,8,53,100,80.168806,-2.355668,82.524474,70.912706,15.944706,4.76478,NCGMtherm4153100_View2.png
2,12,53,100,71.796271,-3.762167,75.558439,72.70682,17.73882,2.912706,NCGMtherm2253100_View2.png
3,12,53,100,70.111537,-4.037441,74.148978,72.522158,17.554158,4.78926,NCGMtherm3253100_View2.png
4,12,53,100,67.334875,-4.423639,71.758514,72.404852,17.436852,5.982552,NCGMtherm4253100_View2.png
2,16,53,100,58.538122,-4.486633,63.024755,73.126328,18.158328,3.219948,NCGMtherm2353100_View2.png
3,16,53,100,58.308252,-5.479258,63.78751,72.935978,17.967978,5.351742,NCGMtherm3353100_View2.png
4,16,53,100,56.693802,-5.734952,62.428754,72.794714,17.826714,6.756966,NCGMtherm4353100_View2.png
2,24,53,100,41.076015,-7.470843,48.546857,73.433102,18.465102,3.57291,NCGMtherm2453100_View2.png
3,24,53,100,41.829545,-7.454966,49.284511,73.286096,18.318096,5.907222,NCGMtherm3453100_View2.png
4,24,53,100,41.358786,-7.554555,48.913341,73.17761,18.20961,7.45272,NCGMtherm4453100_View2.png
2,4,54,100,104.500304,2.361636,102.138668,66.74063,11.77263,1.789434,NCGMtherm2054100_View2.png
3,4,54,100,98.291641,1.495058,96.796583,66.991838,12.023838,2.955906,NCGMtherm3054100_View2.png
4,4,54,100,92.657211,0.734604,91.922607,67.283222,12.315222,3.806208,NCGMtherm4054100_View2.png
2,8,54,100,87.368005,-1.721896,89.089901,72.01643,17.04843,2.985048,NCGMtherm2154100_View2.png
3,8,54,100,83.40214,-2.203155,85.605295,71.566808,16.598808,4.477302,NCGMtherm3154100_View2.png
4,8,54,100,79.170802,-2.614894,81.785696,71.244644,16.276644,5.415894,NCGMtherm4154100_View2.png
2,12,54,100,70.926335,-3.8767,74.803035,72.7583,17.7903,3.659562,NCGMtherm2254100_View2.png
3,12,54,100,69.242843,-4.1501,73.392943,72.575492,17.607492,5.438088,NCGMtherm3254100_View2.png
4,12,54,100,66.483737,-4.532673,71.01641,72.45923,17.49123,6.568776,NCGMtherm4254100_View2.png
2,16,54,100,57.822819,-4.77181,62.594629,73.173452,18.205452,3.950172,NCGMtherm2354100_View2.png
3,16,54,100,57.579504,-5.573692,63.153196,72.985082,18.017082,5.970294,NCGMtherm3354100_View2.png
4,16,54,100,55.971552,-5.842424,61.813976,72.855122,17.887122,7.301718,NCGMtherm4354100_View2.png
2,24,54,100,40.570781,-7.535919,48.1067,73.474106,18.506106,4.284306,NCGMtherm2454100_View2.png
3,24,54,100,41.30312,-7.521212,48.824332,73.328396,18.360396,6.49593,NCGMtherm3454100_View2.png
4,24,54,100,40.826944,-7.620344,48.447288,73.220738,18.252738,7.959996,NCGMtherm4454100_View2.png
2,4,55,100,103.274378,2.050182,101.224196,67.16075,12.19275,2.640258,NCGMtherm2055100_View2.png
3,4,55,100,97.102173,1.191861,95.910313,67.378856,12.410856,3.743028,NCGMtherm3055100_View2.png
4,4,55,100,91.50469,0.440343,91.064347,67.63865,12.67065,4.546566,NCGMtherm4055100_View2.png
2,8,55,100,86.316745,-1.865845,88.18259,72.09212,17.12412,3.769542,NCGMtherm2155100_View2.png
3,8,55,100,82.373273,-2.458175,84.831447,71.838212,16.870212,5.179788,NCGMtherm3155100_View2.png
4,8,55,100,78.171234,-2.873968,81.045201,71.527316,16.559316,6.066504,NCGMtherm4155100_View2.png
2,12,55,100,70.055553,-3.991152,74.046705,72.809762,17.841762,4.406112,NCGMtherm2255100_View2.png
3,12,55,100,68.373281,-4.262676,72.635957,72.628826,17.660826,6.08652,NCGMtherm3255100_View2.png
4,12,55,100,65.631654,-4.641627,70.273281,72.51359,17.54559,7.154586,NCGMtherm4255100_View2.png
2,16,55,100,57.107055,-4.875311,61.982366,73.220594,18.252594,4.680144,NCGMtherm2355100_View2.png
3,16,55,100,56.850007,-5.6681,62.518107,73.034132,18.066132,6.58854,NCGMtherm3355100_View2.png
4,16,55,100,55.248423,-5.934461,61.182884,72.90554,17.93754,7.846128,NCGMtherm4355100_View2.png
2,24,55,100,40.063947,-7.600958,47.664906,73.515092,18.547092,4.995468,NCGMtherm2455100_View2.png
3,24,55,100,40.775657,-7.587419,48.363076,73.37066,18.40266,7.084404,NCGMtherm3455100_View2.png
4,24,55,100,40.295637,-7.686096,47.981733,73.263848,18.295848,8.466984,NCGMtherm4455100_View2.png
2,4,56,100,102.045623,1.738958,100.306665,67.580618,12.612618,3.490452,NCGMtherm2056100_View2.png
3,4,56,100,95.910361,0.888906,95.021455,67.765658,12.797658,4.529412,NCGMtherm3056100_View2.png
4,4,56,100,90.350143,0.146327,90.203816,67.993862,13.025862,5.28615,NCGMtherm4056100_View2.png
2,8,56,100,85.263923,-2.00965,87.273573,72.154076,17.186076,4.553424,NCGMtherm2156100_View2.png
3,8,56,100,81.3436,-2.597261,83.940862,72.023702,17.055702,5.881572,NCGMtherm3156100_View2.png
4,8,56,100,77.17195,-3.132798,80.304749,71.79233,16.82433,6.716376,NCGMtherm4156100_View2.png
2,12,56,100,69.183981,-4.105483,73.289464,72.86117,17.89317,5.152122,NCGMtherm2256100_View2.png
3,12,56,100,67.502912,-4.375129,71.878041,72.682088,17.714088,6.734322,NCGMtherm3256100_View2.png
4,12,56,100,64.778682,-4.750461,69.529143,72.567914,17.599914,7.739748,NCGMtherm4256100_View2.png
2,16,56,100,56.39045,-5.257927,61.648377,73.267646,18.299646,5.409612,NCGMtherm2356100_View2.png
3,16,56,100,56.119914,-5.762402,61.882316,73.083326,18.115326,7.206246,NCGMtherm3356100_View2.png
4,16,56,100,54.525528,-6.026397,60.551925,72.955724,17.987724,8.389998,NCGMtherm4356100_View2.png
2,24,56,100,39.557678,-7.665939,47.223617,73.55606,18.58806,5.70618,NCGMtherm2456100_View2.png
3,24,56,100,40.248354,-7.653565,47.901919,73.412906,18.444906,7.672392,NCGMtherm3456100_View2.png
4,24,56,100,39.763828,-7.751786,47.515614,73.30694,18.33894,8.973558,NCGMtherm4456100_View2.png
2,4,57,100,100.813709,1.427856,99.385853,68.000396,13.032396,4.34034,NCGMtherm2057100_View2.png
3,4,57,100,94.71609,0.586087,94.130002,68.152388,13.184388,5.315346,NCGMtherm3057100_View2.png
4,4,57,100,89.193461,-0.147549,89.34101,68.348984,13.380984,6.025194,NCGMtherm4057100_View2.png
2,8,57,100,84.209141,-2.153363,86.362504,72.216014,17.248014,5.336964,NCGMtherm2157100_View2.png
3,8,57,100,80.311316,-2.736252,83.047568,72.095054,17.127054,6.582888,NCGMtherm3157100_View2.png
4,8,57,100,76.169719,-3.291031,79.46075,72.004388,17.036388,7.365762,NCGMtherm4157100_View2.png
2,12,57,100,68.310382,-4.219734,72.530116,72.912542,17.944542,5.897844,NCGMtherm2257100_View2.png
3,12,57,100,66.632629,-4.487499,71.120128,72.735332,17.767332,7.381764,NCGMtherm3257100_View2.png
4,12,57,100,63.925915,-4.859214,68.785129,72.622202,17.654202,8.324496,NCGMtherm4257100_View2.png
2,16,57,100,55.672259,-5.357748,61.030007,73.314734,18.346734,6.138846,NCGMtherm2357100_View2.png
3,16,57,100,55.390093,-5.856597,61.24669,73.132304,18.164304,7.823628,NCGMtherm3357100_View2.png
4,16,57,100,53.80219,-6.118221,59.920412,73.00589,18.03789,8.933508,NCGMtherm4357100_View2.png
2,24,57,100,39.05043,-7.730883,46.781313,73.59701,18.62901,6.416658,NCGMtherm2457100_View2.png
3,24,57,100,39.720512,-7.719672,47.440183,73.455134,18.487134,8.26011,NCGMtherm3457100_View2.png
4,24,57,100,39.232176,-7.817439,47.049615,73.349996,18.381996,9.479862,NCGMtherm4457100_View2.png
2,4,58,100,99.579031,1.116982,98.462049,68.419958,13.451958,5.189634,NCGMtherm2058100_View2.png
3,4,58,100,93.519571,0.283512,93.236059,68.538902,13.570902,6.100542,NCGMtherm3058100_View2.png
4,4,58,100,88.034826,-0.44118,88.476006,68.703908,13.735908,6.763464,NCGMtherm4058100_View2.png
2,8,58,100,83.152785,-2.296933,85.449718,72.27788,17.30988,6.119892,NCGMtherm2158100_View2.png
3,8,58,100,79.277902,-2.875096,82.152998,72.157676,17.189676,7.283502,NCGMtherm3158100_View2.png
4,8,58,100,75.166035,-3.423096,78.58913,72.082688,17.114688,8.01441,NCGMtherm4158100_View2.png
2,12,58,100,67.436004,-4.333864,71.769868,72.963878,17.995878,6.643008,NCGMtherm2258100_View2.png
3,12,58,100,65.760587,-4.599746,70.360333,72.78854,17.82054,8.028558,NCGMtherm3258100_View2.png
4,12,58,100,63.071232,-4.967848,68.03908,72.676454,17.708454,8.908614,NCGMtherm4258100_View2.png
2,16,58,100,54.954555,-5.457419,60.411974,73.36166,18.39366,6.867576,NCGMtherm2358100_View2.png
3,16,58,100,54.659587,-5.950733,60.61032,73.181264,18.213264,8.440452,NCGMtherm3358100_View2.png
4,16,58,100,53.077919,-6.20999,59.28791,73.05602,18.08802,9.476478,NCGMtherm4358100_View2.png
2,24,58,100,38.543864,-7.795768,46.339632,73.637924,18.669924,7.126686,NCGMtherm2458100_View2.png
3,24,58,100,39.192302,-7.785717,46.978019,73.497326,18.529326,8.847378,NCGMtherm3458100_View2.png
4,24,58,100,38.700515,-7.88303,46.583545,73.393052,18.425052,9.985716,NCGMtherm4458100_View2.png
2,4,59,100,98.34106,0.80623,97.53483,68.839412,13.871412,6.038604,NCGMtherm2059100_View2.png
3,4,59,100,92.320184,-0.018929,92.339113,68.925326,13.957326,6.885288,NCGMtherm3059100_View2.png
4,4,59,100,86.873936,-0.734668,87.608604,69.05876,14.09076,7.50123,NCGMtherm4059100_View2.png
2,8,59,100,82.09446,-2.440411,84.53487,72.339728,17.371728,6.902496,NCGMtherm2159100_View2.png
3,8,59,100,78.244525,-3.013845,81.25837,72.220262,17.252262,7.983648,NCGMtherm3159100_View2.png
4,8,59,100,74.162518,-3.555065,77.717583,72.145814,17.177814,8.662554,NCGMtherm4159100_View2.png
2,12,59,100,66.561847,-4.447914,71.009761,73.015196,18.047196,7.387884,NCGMtherm2259100_View2.png
3,12,59,100,64.887555,-4.711911,69.599466,72.841712,17.873712,8.674974,NCGMtherm3259100_View2.png
4,12,59,100,62.216598,-5.076403,67.293001,72.730688,17.762688,9.492318,NCGMtherm4259100_View2.png
2,16,59,100,54.235103,-5.55708,59.792184,73.40873,18.44073,7.597746,NCGMtherm2359100_View2.png
3,16,59,100,53.928766,-6.044698,59.973464,73.230098,18.262098,9.056934,NCGMtherm3359100_View2.png
4,16,59,100,52.353165,-6.301711,58.654876,73.10606,18.13806,10.019088,NCGMtherm4359100_View2.png
2,24,59,100,38.036227,-7.860618,45.896845,73.67882,18.71082,7.83648,NCGMtherm2459100_View2.png
3,24,59,100,38.663456,-7.851723,46.515179,73.539518,18.571518,9.434394,NCGMtherm3459100_View2.png
4,24,59,100,38.168357,-7.948584,46.116941,73.436072,18.468072,10.491336,NCGMtherm4459100_View2.png
2,4,60,100,97.100188,0.495652,96.604536,69.258704,14.290704,6.887106,NCGMtherm2060100_View2.png
3,4,60,100,91.118459,-0.32118,91.439638,69.311606,14.343606,7.66944,NCGMtherm3060100_View2.png
4,4,60,100,85.711368,-1.027965,86.739333,69.413468,14.445468,8.23833,NCGMtherm4060100_View2.png
2,8,60,100,81.034362,-2.583771,83.618132,72.40154,17.43354,7.684614,NCGMtherm2160100_View2.png
3,8,60,100,77.20827,-3.152473,80.360743,72.28274,17.31474,8.683218,NCGMtherm3160100_View2.png
4,8,60,100,73.155941,-3.686917,76.842857,72.208886,17.240886,9.310086,NCGMtherm4160100_View2.png
2,12,60,100,65.685818,-4.561864,70.247682,73.06646,18.09846,8.132328,NCGMtherm2260100_View2.png
3,12,60,100,64.013603,-4.823973,68.837577,72.894848,17.926848,9.320886,NCGMtherm3260100_View2.png
4,12,60,100,61.361204,-5.184858,66.546062,72.784868,17.816868,10.075482,NCGMtherm4260100_View2.png
2,16,60,100,53.515882,-5.656685,59.172568,73.455728,18.487728,8.325756,NCGMtherm2360100_View2.png
3,16,60,100,53.1969,-6.138688,59.335587,73.278986,18.310986,9.673056,NCGMtherm3360100_View2.png
4,16,60,100,51.628772,-6.393217,58.02199,73.156172,18.188172,10.561266,NCGMtherm4360100_View2.png
2,24,60,100,37.528148,-7.925419,45.453567,73.71968,18.75168,8.54595,NCGMtherm2460100_View2.png
3,24,60,100,38.134747,-7.91768,46.052427,73.581674,18.613674,10.021032,NCGMtherm3460100_View2.png
4,24,60,100,37.635234,-8.01409,45.649323,73.479074,18.511074,10.996578,NCGMtherm4460100_View2.png
