﻿<?xml version="1.0" encoding="utf-8"?>
<Building xmlns:xsi="http://www.w3.org/2001/XMLSchema-instance" xmlns:xsd="http://www.w3.org/2001/XMLSchema" xmlns="http://www.edsl.net/GeneratorData.xsd">
  <TBDPath>E:\TAS\prime tower\Live\ptowerLEED.tbd</TBDPath>
  <TBDFileName>ptowerLEED.tbd</TBDFileName>
  <GUID>{9CF6BB2C-27AB-4875-8FD7-C7F28F347AF1}</GUID>
  <bDesign>true</bDesign>
  <bNotional>true</bNotional>
  <bTypical>true</bTypical>
  <bReference>true</bReference>
  <TCDPath>C:\Users\Michal\Documents\Tas Data\Databases\NCMConstructions_v3.5.tcd</TCDPath>
  <T3DPath>U:\211837 Prime Tower CS Certification\04 Internal Project Data\4-08 Simulation\TAS\Live\ptower.t3d</T3DPath>
  <TBDNoShadesPath>E:\TAS\prime tower\Live\ptowerLEED.tbd</TBDNoShadesPath>
  <bReExport>False</bReExport>
  <bHasExternalZones>false</bHasExternalZones>
  <ShadowStepSize>15</ShadowStepSize>
  <Type>Residential</Type>
  <DesignAirPermeability>10</DesignAirPermeability>
  <InfGuideAType>1</InfGuideAType>
  <InfGuideASize>11</InfGuideASize>
  <DesAlpha>0</DesAlpha>
  <DesTotExtArea>0</DesTotExtArea>
  <DesAvgUValue>0</DesAvgUValue>
  <DesTotBuildConduct>0</DesTotBuildConduct>
  <NotAlpha>0</NotAlpha>
  <NotTotExtArea>0</NotTotExtArea>
  <NotAvgUValue>0</NotAvgUValue>
  <NotTotBuildConduct>0</NotTotBuildConduct>
  <TypAlpha>0</TypAlpha>
  <TypTotExtArea>0</TypTotExtArea>
  <TypAvgUValue>0</TypAvgUValue>
  <TypTotBuildConduct>0</TypTotBuildConduct>
  <RefAlpha>0</RefAlpha>
  <RefTotExtArea>0</RefTotExtArea>
  <RefAvgUValue>0</RefAvgUValue>
  <RefTotBuildConduct>0</RefTotBuildConduct>
  <RegType>EnglandandWales</RegType>
  <S6BType>Other</S6BType>
  <S6AccredConst>false</S6AccredConst>
  <NCMVersion>vNCM3_5</NCMVersion>
  <BuildingElements>
    <Name>Internal Wall</Name>
    <GUID>{46C8188E-A863-4DE3-8EA2-D52E89E53AFD}</GUID>
    <Type>Unassigned</Type>
    <Area>3155.87573</Area>
    <UValue>0</UValue>
  </BuildingElements>
  <BuildingElements>
    <Name>Ground Floor</Name>
    <GUID>{39454B01-5FF0-40C1-9209-E640CA45EB0E}</GUID>
    <Type>Unassigned</Type>
    <Area>1375.65735</Area>
    <UValue>0</UValue>
  </BuildingElements>
  <BuildingElements>
    <Name>Ceiling</Name>
    <GUID>{AB94EF71-BA7F-46E0-A1DF-F6B74F3B11C0}</GUID>
    <Type>Unassigned</Type>
    <Area>1375.65735</Area>
    <UValue>0</UValue>
  </BuildingElements>
  <BuildingElements>
    <Name>Glass Wall</Name>
    <GUID>{10906619-1ECF-44D8-BB35-6C6C9753F531}</GUID>
    <Type>Unassigned</Type>
    <Area>565.3572</Area>
    <UValue>0</UValue>
  </BuildingElements>
  <BuildingElements>
    <Name>Null</Name>
    <GUID>{00000000-0000-0000-0000-000000000000}</GUID>
    <Type>Unassigned</Type>
    <Area>506.481079</Area>
    <UValue>0</UValue>
  </BuildingElements>
  <BuildingElements>
    <Name>Frame for Curtain Wall</Name>
    <GUID>{D1E303D3-95F1-49D8-BBEA-BFE378564704}</GUID>
    <Type>Unassigned</Type>
    <Area>99.76892</Area>
    <UValue>0</UValue>
  </BuildingElements>
  <ZoneGroups>
    <Name>UU 00-</Name>
    <Type>Unassigned</Type>
    <FreshAirTreatment>NoFreshAir</FreshAirTreatment>
  </ZoneGroups>
  <ZoneGroups>
    <Name>Circ 00-</Name>
    <Type>Unassigned</Type>
    <FreshAirTreatment>NoFreshAir</FreshAirTreatment>
  </ZoneGroups>
  <ZoneGroups>
    <Name>WC 00-</Name>
    <Type>Unassigned</Type>
    <FreshAirTreatment>NoFreshAir</FreshAirTreatment>
  </ZoneGroups>
  <ZoneGroups>
    <Name>Plant 00-</Name>
    <Type>Unassigned</Type>
    <FreshAirTreatment>NoFreshAir</FreshAirTreatment>
  </ZoneGroups>
  <ZoneGroups>
    <Name>Office 00-</Name>
    <Type>Unassigned</Type>
    <FreshAirTreatment>NoFreshAir</FreshAirTreatment>
  </ZoneGroups>
  <ZoneGroups>
    <Name>Lift </Name>
    <Type>Unassigned</Type>
    <FreshAirTreatment>NoFreshAir</FreshAirTreatment>
  </ZoneGroups>
  <ZoneGroups>
    <Name>Store 00-</Name>
    <Type>Unassigned</Type>
    <FreshAirTreatment>NoFreshAir</FreshAirTreatment>
  </ZoneGroups>
  <Zones>
    <Name>UU 00-1</Name>
    <GUID>{6934E14D-C267-4DAA-8BB3-F1B8E6A70229}</GUID>
    <Type>Unassigned</Type>
    <APD>None</APD>
    <DaylightControl>NoDaylightControl</DaylightControl>
    <bOfficeStorageSpace>false</bOfficeStorageSpace>
    <bCorridorCirculationArea>false</bCorridorCirculationArea>
    <bUserDaylightFactor>false</bUserDaylightFactor>
    <UserDaylightFactor>0</UserDaylightFactor>
    <DesignDaylightFactor>0</DesignDaylightFactor>
    <NotionalDaylightFactor>0</NotionalDaylightFactor>
    <TypicalDaylightFactor>0</TypicalDaylightFactor>
    <LightingEfficiency>5.2</LightingEfficiency>
    <MinPercentofMax>0</MinPercentofMax>
    <TargetRoomIlluminance>0</TargetRoomIlluminance>
    <ParasiticPower>0.3</ParasiticPower>
    <PhotoCellSensor>true</PhotoCellSensor>
    <DisplayLighting>0</DisplayLighting>
    <MLCAreaCutOff>30</MLCAreaCutOff>
    <FreshAirTreatment>NoFreshAir</FreshAirTreatment>
    <bLampTypeCom>true</bLampTypeCom>
    <LampType>UserDefined</LampType>
    <bExternal>false</bExternal>
  </Zones>
  <Zones>
    <Name>UU 00-2</Name>
    <GUID>{4239C3B8-A6FA-4BAD-97BD-BB1E6022205D}</GUID>
    <Type>Unassigned</Type>
    <APD>None</APD>
    <DaylightControl>NoDaylightControl</DaylightControl>
    <bOfficeStorageSpace>false</bOfficeStorageSpace>
    <bCorridorCirculationArea>false</bCorridorCirculationArea>
    <bUserDaylightFactor>false</bUserDaylightFactor>
    <UserDaylightFactor>0</UserDaylightFactor>
    <DesignDaylightFactor>0</DesignDaylightFactor>
    <NotionalDaylightFactor>0</NotionalDaylightFactor>
    <TypicalDaylightFactor>0</TypicalDaylightFactor>
    <LightingEfficiency>5.2</LightingEfficiency>
    <MinPercentofMax>0</MinPercentofMax>
    <TargetRoomIlluminance>0</TargetRoomIlluminance>
    <ParasiticPower>0.3</ParasiticPower>
    <PhotoCellSensor>true</PhotoCellSensor>
    <DisplayLighting>0</DisplayLighting>
    <MLCAreaCutOff>30</MLCAreaCutOff>
    <FreshAirTreatment>NoFreshAir</FreshAirTreatment>
    <bLampTypeCom>true</bLampTypeCom>
    <LampType>UserDefined</LampType>
    <bExternal>false</bExternal>
  </Zones>
  <Zones>
    <Name>UU 00-3</Name>
    <GUID>{FE6F0738-56B6-44EC-963F-C371E4C2B63F}</GUID>
    <Type>Unassigned</Type>
    <APD>None</APD>
    <DaylightControl>NoDaylightControl</DaylightControl>
    <bOfficeStorageSpace>false</bOfficeStorageSpace>
    <bCorridorCirculationArea>false</bCorridorCirculationArea>
    <bUserDaylightFactor>false</bUserDaylightFactor>
    <UserDaylightFactor>0</UserDaylightFactor>
    <DesignDaylightFactor>0</DesignDaylightFactor>
    <NotionalDaylightFactor>0</NotionalDaylightFactor>
    <TypicalDaylightFactor>0</TypicalDaylightFactor>
    <LightingEfficiency>5.2</LightingEfficiency>
    <MinPercentofMax>0</MinPercentofMax>
    <TargetRoomIlluminance>0</TargetRoomIlluminance>
    <ParasiticPower>0.3</ParasiticPower>
    <PhotoCellSensor>true</PhotoCellSensor>
    <DisplayLighting>0</DisplayLighting>
    <MLCAreaCutOff>30</MLCAreaCutOff>
    <FreshAirTreatment>NoFreshAir</FreshAirTreatment>
    <bLampTypeCom>true</bLampTypeCom>
    <LampType>UserDefined</LampType>
    <bExternal>false</bExternal>
  </Zones>
  <Zones>
    <Name>UU 00-4</Name>
    <GUID>{3FCD9AB6-5F8F-4303-AF86-1102F26EB6E6}</GUID>
    <Type>Unassigned</Type>
    <APD>None</APD>
    <DaylightControl>NoDaylightControl</DaylightControl>
    <bOfficeStorageSpace>false</bOfficeStorageSpace>
    <bCorridorCirculationArea>false</bCorridorCirculationArea>
    <bUserDaylightFactor>false</bUserDaylightFactor>
    <UserDaylightFactor>0</UserDaylightFactor>
    <DesignDaylightFactor>0</DesignDaylightFactor>
    <NotionalDaylightFactor>0</NotionalDaylightFactor>
    <TypicalDaylightFactor>0</TypicalDaylightFactor>
    <LightingEfficiency>5.2</LightingEfficiency>
    <MinPercentofMax>0</MinPercentofMax>
    <TargetRoomIlluminance>0</TargetRoomIlluminance>
    <ParasiticPower>0.3</ParasiticPower>
    <PhotoCellSensor>true</PhotoCellSensor>
    <DisplayLighting>0</DisplayLighting>
    <MLCAreaCutOff>30</MLCAreaCutOff>
    <FreshAirTreatment>NoFreshAir</FreshAirTreatment>
    <bLampTypeCom>true</bLampTypeCom>
    <LampType>UserDefined</LampType>
    <bExternal>false</bExternal>
  </Zones>
  <Zones>
    <Name>Circ 00-1</Name>
    <GUID>{5A39106B-23EA-422B-A1DF-DC308D419328}</GUID>
    <Type>Unassigned</Type>
    <APD>None</APD>
    <DaylightControl>ManualDaylightControl</DaylightControl>
    <bOfficeStorageSpace>false</bOfficeStorageSpace>
    <bCorridorCirculationArea>true</bCorridorCirculationArea>
    <bUserDaylightFactor>false</bUserDaylightFactor>
    <UserDaylightFactor>0</UserDaylightFactor>
    <DesignDaylightFactor>0.5596397</DesignDaylightFactor>
    <NotionalDaylightFactor>0</NotionalDaylightFactor>
    <TypicalDaylightFactor>0</TypicalDaylightFactor>
    <LightingEfficiency>5.2</LightingEfficiency>
    <MinPercentofMax>0</MinPercentofMax>
    <TargetRoomIlluminance>100</TargetRoomIlluminance>
    <ParasiticPower>0.3</ParasiticPower>
    <PhotoCellSensor>true</PhotoCellSensor>
    <DisplayLighting>0</DisplayLighting>
    <MLCAreaCutOff>30</MLCAreaCutOff>
    <FreshAirTreatment>NoFreshAir</FreshAirTreatment>
    <bLampTypeCom>true</bLampTypeCom>
    <LampType>UserDefined</LampType>
    <bExternal>false</bExternal>
  </Zones>
  <Zones>
    <Name>Circ 00-2</Name>
    <GUID>{4C14722A-0783-43C1-B81B-724586ECB133}</GUID>
    <Type>Unassigned</Type>
    <APD>None</APD>
    <DaylightControl>ManualDaylightControl</DaylightControl>
    <bOfficeStorageSpace>false</bOfficeStorageSpace>
    <bCorridorCirculationArea>true</bCorridorCirculationArea>
    <bUserDaylightFactor>false</bUserDaylightFactor>
    <UserDaylightFactor>0</UserDaylightFactor>
    <DesignDaylightFactor>3.81270456</DesignDaylightFactor>
    <NotionalDaylightFactor>0</NotionalDaylightFactor>
    <TypicalDaylightFactor>0</TypicalDaylightFactor>
    <LightingEfficiency>5.2</LightingEfficiency>
    <MinPercentofMax>0</MinPercentofMax>
    <TargetRoomIlluminance>100</TargetRoomIlluminance>
    <ParasiticPower>0.3</ParasiticPower>
    <PhotoCellSensor>true</PhotoCellSensor>
    <DisplayLighting>0</DisplayLighting>
    <MLCAreaCutOff>30</MLCAreaCutOff>
    <FreshAirTreatment>NoFreshAir</FreshAirTreatment>
    <bLampTypeCom>true</bLampTypeCom>
    <LampType>UserDefined</LampType>
    <bExternal>false</bExternal>
  </Zones>
  <Zones>
    <Name>Circ 00-3</Name>
    <GUID>{C665315D-1068-4341-89DE-DC956AF90235}</GUID>
    <Type>Unassigned</Type>
    <APD>None</APD>
    <DaylightControl>ManualDaylightControl</DaylightControl>
    <bOfficeStorageSpace>false</bOfficeStorageSpace>
    <bCorridorCirculationArea>true</bCorridorCirculationArea>
    <bUserDaylightFactor>false</bUserDaylightFactor>
    <UserDaylightFactor>0</UserDaylightFactor>
    <DesignDaylightFactor>4.23374128</DesignDaylightFactor>
    <NotionalDaylightFactor>0</NotionalDaylightFactor>
    <TypicalDaylightFactor>0</TypicalDaylightFactor>
    <LightingEfficiency>5.2</LightingEfficiency>
    <MinPercentofMax>0</MinPercentofMax>
    <TargetRoomIlluminance>100</TargetRoomIlluminance>
    <ParasiticPower>0.3</ParasiticPower>
    <PhotoCellSensor>true</PhotoCellSensor>
    <DisplayLighting>0</DisplayLighting>
    <MLCAreaCutOff>30</MLCAreaCutOff>
    <FreshAirTreatment>NoFreshAir</FreshAirTreatment>
    <bLampTypeCom>true</bLampTypeCom>
    <LampType>UserDefined</LampType>
    <bExternal>false</bExternal>
  </Zones>
  <Zones>
    <Name>Circ 00-4</Name>
    <GUID>{80C197C9-9D6D-4151-818F-3A0C2507FB2C}</GUID>
    <Type>Unassigned</Type>
    <APD>None</APD>
    <DaylightControl>ManualDaylightControl</DaylightControl>
    <bOfficeStorageSpace>false</bOfficeStorageSpace>
    <bCorridorCirculationArea>true</bCorridorCirculationArea>
    <bUserDaylightFactor>false</bUserDaylightFactor>
    <UserDaylightFactor>0</UserDaylightFactor>
    <DesignDaylightFactor>4.569648</DesignDaylightFactor>
    <NotionalDaylightFactor>0</NotionalDaylightFactor>
    <TypicalDaylightFactor>0</TypicalDaylightFactor>
    <LightingEfficiency>5.2</LightingEfficiency>
    <MinPercentofMax>0</MinPercentofMax>
    <TargetRoomIlluminance>100</TargetRoomIlluminance>
    <ParasiticPower>0.3</ParasiticPower>
    <PhotoCellSensor>true</PhotoCellSensor>
    <DisplayLighting>0</DisplayLighting>
    <MLCAreaCutOff>30</MLCAreaCutOff>
    <FreshAirTreatment>NoFreshAir</FreshAirTreatment>
    <bLampTypeCom>true</bLampTypeCom>
    <LampType>UserDefined</LampType>
    <bExternal>false</bExternal>
  </Zones>
  <Zones>
    <Name>Circ 00-5</Name>
    <GUID>{40C98D04-F7CF-426A-BC1E-5A0D3F48B904}</GUID>
    <Type>Unassigned</Type>
    <APD>None</APD>
    <DaylightControl>ManualDaylightControl</DaylightControl>
    <bOfficeStorageSpace>false</bOfficeStorageSpace>
    <bCorridorCirculationArea>true</bCorridorCirculationArea>
    <bUserDaylightFactor>false</bUserDaylightFactor>
    <UserDaylightFactor>0</UserDaylightFactor>
    <DesignDaylightFactor>0.3137609</DesignDaylightFactor>
    <NotionalDaylightFactor>0</NotionalDaylightFactor>
    <TypicalDaylightFactor>0</TypicalDaylightFactor>
    <LightingEfficiency>5.2</LightingEfficiency>
    <MinPercentofMax>0</MinPercentofMax>
    <TargetRoomIlluminance>100</TargetRoomIlluminance>
    <ParasiticPower>0.3</ParasiticPower>
    <PhotoCellSensor>true</PhotoCellSensor>
    <DisplayLighting>0</DisplayLighting>
    <MLCAreaCutOff>30</MLCAreaCutOff>
    <FreshAirTreatment>NoFreshAir</FreshAirTreatment>
    <bLampTypeCom>true</bLampTypeCom>
    <LampType>UserDefined</LampType>
    <bExternal>false</bExternal>
  </Zones>
  <Zones>
    <Name>WC 00-1</Name>
    <GUID>{44A3049B-2D3D-49E2-AD97-A821449A6538}</GUID>
    <Type>Unassigned</Type>
    <APD>None</APD>
    <DaylightControl>ManualDaylightControl</DaylightControl>
    <bOfficeStorageSpace>false</bOfficeStorageSpace>
    <bCorridorCirculationArea>false</bCorridorCirculationArea>
    <bUserDaylightFactor>false</bUserDaylightFactor>
    <UserDaylightFactor>0</UserDaylightFactor>
    <DesignDaylightFactor>0</DesignDaylightFactor>
    <NotionalDaylightFactor>0</NotionalDaylightFactor>
    <TypicalDaylightFactor>0</TypicalDaylightFactor>
    <LightingEfficiency>5.2</LightingEfficiency>
    <MinPercentofMax>0</MinPercentofMax>
    <TargetRoomIlluminance>200</TargetRoomIlluminance>
    <ParasiticPower>0.3</ParasiticPower>
    <PhotoCellSensor>true</PhotoCellSensor>
    <DisplayLighting>0</DisplayLighting>
    <MLCAreaCutOff>30</MLCAreaCutOff>
    <FreshAirTreatment>NoFreshAir</FreshAirTreatment>
    <bLampTypeCom>true</bLampTypeCom>
    <LampType>UserDefined</LampType>
    <bExternal>false</bExternal>
  </Zones>
  <Zones>
    <Name>WC 00-2</Name>
    <GUID>{300C1F90-52FC-4B1F-A73A-F7BE2372A069}</GUID>
    <Type>Unassigned</Type>
    <APD>None</APD>
    <DaylightControl>ManualDaylightControl</DaylightControl>
    <bOfficeStorageSpace>false</bOfficeStorageSpace>
    <bCorridorCirculationArea>false</bCorridorCirculationArea>
    <bUserDaylightFactor>false</bUserDaylightFactor>
    <UserDaylightFactor>0</UserDaylightFactor>
    <DesignDaylightFactor>0</DesignDaylightFactor>
    <NotionalDaylightFactor>0</NotionalDaylightFactor>
    <TypicalDaylightFactor>0</TypicalDaylightFactor>
    <LightingEfficiency>5.2</LightingEfficiency>
    <MinPercentofMax>0</MinPercentofMax>
    <TargetRoomIlluminance>200</TargetRoomIlluminance>
    <ParasiticPower>0.3</ParasiticPower>
    <PhotoCellSensor>true</PhotoCellSensor>
    <DisplayLighting>0</DisplayLighting>
    <MLCAreaCutOff>30</MLCAreaCutOff>
    <FreshAirTreatment>NoFreshAir</FreshAirTreatment>
    <bLampTypeCom>true</bLampTypeCom>
    <LampType>UserDefined</LampType>
    <bExternal>false</bExternal>
  </Zones>
  <Zones>
    <Name>WC 00-3</Name>
    <GUID>{BF4A4F3C-ACE4-45D3-B5F2-09B0C1597118}</GUID>
    <Type>Unassigned</Type>
    <APD>None</APD>
    <DaylightControl>ManualDaylightControl</DaylightControl>
    <bOfficeStorageSpace>false</bOfficeStorageSpace>
    <bCorridorCirculationArea>false</bCorridorCirculationArea>
    <bUserDaylightFactor>false</bUserDaylightFactor>
    <UserDaylightFactor>0</UserDaylightFactor>
    <DesignDaylightFactor>0</DesignDaylightFactor>
    <NotionalDaylightFactor>0</NotionalDaylightFactor>
    <TypicalDaylightFactor>0</TypicalDaylightFactor>
    <LightingEfficiency>5.2</LightingEfficiency>
    <MinPercentofMax>0</MinPercentofMax>
    <TargetRoomIlluminance>200</TargetRoomIlluminance>
    <ParasiticPower>0.3</ParasiticPower>
    <PhotoCellSensor>true</PhotoCellSensor>
    <DisplayLighting>0</DisplayLighting>
    <MLCAreaCutOff>30</MLCAreaCutOff>
    <FreshAirTreatment>NoFreshAir</FreshAirTreatment>
    <bLampTypeCom>true</bLampTypeCom>
    <LampType>UserDefined</LampType>
    <bExternal>false</bExternal>
  </Zones>
  <Zones>
    <Name>WC 00-4</Name>
    <GUID>{2DE98AEB-5084-4316-8F84-198943A1EBD8}</GUID>
    <Type>Unassigned</Type>
    <APD>None</APD>
    <DaylightControl>ManualDaylightControl</DaylightControl>
    <bOfficeStorageSpace>false</bOfficeStorageSpace>
    <bCorridorCirculationArea>false</bCorridorCirculationArea>
    <bUserDaylightFactor>false</bUserDaylightFactor>
    <UserDaylightFactor>0</UserDaylightFactor>
    <DesignDaylightFactor>0</DesignDaylightFactor>
    <NotionalDaylightFactor>0</NotionalDaylightFactor>
    <TypicalDaylightFactor>0</TypicalDaylightFactor>
    <LightingEfficiency>5.2</LightingEfficiency>
    <MinPercentofMax>0</MinPercentofMax>
    <TargetRoomIlluminance>200</TargetRoomIlluminance>
    <ParasiticPower>0.3</ParasiticPower>
    <PhotoCellSensor>true</PhotoCellSensor>
    <DisplayLighting>0</DisplayLighting>
    <MLCAreaCutOff>30</MLCAreaCutOff>
    <FreshAirTreatment>NoFreshAir</FreshAirTreatment>
    <bLampTypeCom>true</bLampTypeCom>
    <LampType>UserDefined</LampType>
    <bExternal>false</bExternal>
  </Zones>
  <Zones>
    <Name>Plant 00-1</Name>
    <GUID>{EBE3D458-B8DE-402D-AA7F-CFDCC8AFDF93}</GUID>
    <Type>Unassigned</Type>
    <APD>None</APD>
    <DaylightControl>ManualDaylightControl</DaylightControl>
    <bOfficeStorageSpace>true</bOfficeStorageSpace>
    <bCorridorCirculationArea>false</bCorridorCirculationArea>
    <bUserDaylightFactor>false</bUserDaylightFactor>
    <UserDaylightFactor>0</UserDaylightFactor>
    <DesignDaylightFactor>0</DesignDaylightFactor>
    <NotionalDaylightFactor>0</NotionalDaylightFactor>
    <TypicalDaylightFactor>0</TypicalDaylightFactor>
    <LightingEfficiency>3.75</LightingEfficiency>
    <MinPercentofMax>0</MinPercentofMax>
    <TargetRoomIlluminance>200</TargetRoomIlluminance>
    <ParasiticPower>0.3</ParasiticPower>
    <PhotoCellSensor>true</PhotoCellSensor>
    <DisplayLighting>0</DisplayLighting>
    <MLCAreaCutOff>30</MLCAreaCutOff>
    <FreshAirTreatment>NoFreshAir</FreshAirTreatment>
    <bLampTypeCom>true</bLampTypeCom>
    <LampType>UserDefined</LampType>
    <bExternal>false</bExternal>
  </Zones>
  <Zones>
    <Name>Circ 00-6</Name>
    <GUID>{B93F8BC4-64B7-4E74-B70B-DBF2F317886D}</GUID>
    <Type>Unassigned</Type>
    <APD>None</APD>
    <DaylightControl>ManualDaylightControl</DaylightControl>
    <bOfficeStorageSpace>false</bOfficeStorageSpace>
    <bCorridorCirculationArea>true</bCorridorCirculationArea>
    <bUserDaylightFactor>false</bUserDaylightFactor>
    <UserDaylightFactor>0</UserDaylightFactor>
    <DesignDaylightFactor>2.50111771</DesignDaylightFactor>
    <NotionalDaylightFactor>0</NotionalDaylightFactor>
    <TypicalDaylightFactor>0</TypicalDaylightFactor>
    <LightingEfficiency>5.2</LightingEfficiency>
    <MinPercentofMax>0</MinPercentofMax>
    <TargetRoomIlluminance>100</TargetRoomIlluminance>
    <ParasiticPower>0.3</ParasiticPower>
    <PhotoCellSensor>true</PhotoCellSensor>
    <DisplayLighting>0</DisplayLighting>
    <MLCAreaCutOff>30</MLCAreaCutOff>
    <FreshAirTreatment>NoFreshAir</FreshAirTreatment>
    <bLampTypeCom>true</bLampTypeCom>
    <LampType>UserDefined</LampType>
    <bExternal>false</bExternal>
  </Zones>
  <Zones>
    <Name>Circ 00-7</Name>
    <GUID>{BDB10B83-8A2D-456E-A008-9E23BFF16DF6}</GUID>
    <Type>Unassigned</Type>
    <APD>None</APD>
    <DaylightControl>ManualDaylightControl</DaylightControl>
    <bOfficeStorageSpace>false</bOfficeStorageSpace>
    <bCorridorCirculationArea>true</bCorridorCirculationArea>
    <bUserDaylightFactor>false</bUserDaylightFactor>
    <UserDaylightFactor>0</UserDaylightFactor>
    <DesignDaylightFactor>3.55337262</DesignDaylightFactor>
    <NotionalDaylightFactor>0</NotionalDaylightFactor>
    <TypicalDaylightFactor>0</TypicalDaylightFactor>
    <LightingEfficiency>5.2</LightingEfficiency>
    <MinPercentofMax>0</MinPercentofMax>
    <TargetRoomIlluminance>100</TargetRoomIlluminance>
    <ParasiticPower>0.3</ParasiticPower>
    <PhotoCellSensor>true</PhotoCellSensor>
    <DisplayLighting>0</DisplayLighting>
    <MLCAreaCutOff>30</MLCAreaCutOff>
    <FreshAirTreatment>NoFreshAir</FreshAirTreatment>
    <bLampTypeCom>true</bLampTypeCom>
    <LampType>UserDefined</LampType>
    <bExternal>false</bExternal>
  </Zones>
  <Zones>
    <Name>Circ 00-8</Name>
    <GUID>{7C708318-3569-493B-BF8C-AB0F8FBA9196}</GUID>
    <Type>Unassigned</Type>
    <APD>None</APD>
    <DaylightControl>ManualDaylightControl</DaylightControl>
    <bOfficeStorageSpace>false</bOfficeStorageSpace>
    <bCorridorCirculationArea>true</bCorridorCirculationArea>
    <bUserDaylightFactor>false</bUserDaylightFactor>
    <UserDaylightFactor>0</UserDaylightFactor>
    <DesignDaylightFactor>5.71694851</DesignDaylightFactor>
    <NotionalDaylightFactor>0</NotionalDaylightFactor>
    <TypicalDaylightFactor>0</TypicalDaylightFactor>
    <LightingEfficiency>5.2</LightingEfficiency>
    <MinPercentofMax>0</MinPercentofMax>
    <TargetRoomIlluminance>100</TargetRoomIlluminance>
    <ParasiticPower>0.3</ParasiticPower>
    <PhotoCellSensor>true</PhotoCellSensor>
    <DisplayLighting>0</DisplayLighting>
    <MLCAreaCutOff>30</MLCAreaCutOff>
    <FreshAirTreatment>NoFreshAir</FreshAirTreatment>
    <bLampTypeCom>true</bLampTypeCom>
    <LampType>UserDefined</LampType>
    <bExternal>false</bExternal>
  </Zones>
  <Zones>
    <Name>Circ 00-9</Name>
    <GUID>{84BF704F-0520-4782-AC9E-5E61D5E64D68}</GUID>
    <Type>Unassigned</Type>
    <APD>None</APD>
    <DaylightControl>ManualDaylightControl</DaylightControl>
    <bOfficeStorageSpace>false</bOfficeStorageSpace>
    <bCorridorCirculationArea>true</bCorridorCirculationArea>
    <bUserDaylightFactor>false</bUserDaylightFactor>
    <UserDaylightFactor>0</UserDaylightFactor>
    <DesignDaylightFactor>2.54521632</DesignDaylightFactor>
    <NotionalDaylightFactor>0</NotionalDaylightFactor>
    <TypicalDaylightFactor>0</TypicalDaylightFactor>
    <LightingEfficiency>5.2</LightingEfficiency>
    <MinPercentofMax>0</MinPercentofMax>
    <TargetRoomIlluminance>100</TargetRoomIlluminance>
    <ParasiticPower>0.3</ParasiticPower>
    <PhotoCellSensor>true</PhotoCellSensor>
    <DisplayLighting>0</DisplayLighting>
    <MLCAreaCutOff>30</MLCAreaCutOff>
    <FreshAirTreatment>NoFreshAir</FreshAirTreatment>
    <bLampTypeCom>true</bLampTypeCom>
    <LampType>UserDefined</LampType>
    <bExternal>false</bExternal>
  </Zones>
  <Zones>
    <Name>Circ 00-10</Name>
    <GUID>{F13EC84B-5996-44F3-8B5E-076C9EB03208}</GUID>
    <Type>Unassigned</Type>
    <APD>None</APD>
    <DaylightControl>ManualDaylightControl</DaylightControl>
    <bOfficeStorageSpace>false</bOfficeStorageSpace>
    <bCorridorCirculationArea>true</bCorridorCirculationArea>
    <bUserDaylightFactor>false</bUserDaylightFactor>
    <UserDaylightFactor>0</UserDaylightFactor>
    <DesignDaylightFactor>0.8356187</DesignDaylightFactor>
    <NotionalDaylightFactor>0</NotionalDaylightFactor>
    <TypicalDaylightFactor>0</TypicalDaylightFactor>
    <LightingEfficiency>5.2</LightingEfficiency>
    <MinPercentofMax>0</MinPercentofMax>
    <TargetRoomIlluminance>100</TargetRoomIlluminance>
    <ParasiticPower>0.3</ParasiticPower>
    <PhotoCellSensor>true</PhotoCellSensor>
    <DisplayLighting>0</DisplayLighting>
    <MLCAreaCutOff>30</MLCAreaCutOff>
    <FreshAirTreatment>NoFreshAir</FreshAirTreatment>
    <bLampTypeCom>true</bLampTypeCom>
    <LampType>UserDefined</LampType>
    <bExternal>false</bExternal>
  </Zones>
  <Zones>
    <Name>Circ 00-11</Name>
    <GUID>{DB313A96-131F-4926-89EA-C123F2B706E9}</GUID>
    <Type>Unassigned</Type>
    <APD>None</APD>
    <DaylightControl>ManualDaylightControl</DaylightControl>
    <bOfficeStorageSpace>false</bOfficeStorageSpace>
    <bCorridorCirculationArea>true</bCorridorCirculationArea>
    <bUserDaylightFactor>false</bUserDaylightFactor>
    <UserDaylightFactor>0</UserDaylightFactor>
    <DesignDaylightFactor>2.95648456</DesignDaylightFactor>
    <NotionalDaylightFactor>0</NotionalDaylightFactor>
    <TypicalDaylightFactor>0</TypicalDaylightFactor>
    <LightingEfficiency>5.2</LightingEfficiency>
    <MinPercentofMax>0</MinPercentofMax>
    <TargetRoomIlluminance>100</TargetRoomIlluminance>
    <ParasiticPower>0.3</ParasiticPower>
    <PhotoCellSensor>true</PhotoCellSensor>
    <DisplayLighting>0</DisplayLighting>
    <MLCAreaCutOff>30</MLCAreaCutOff>
    <FreshAirTreatment>NoFreshAir</FreshAirTreatment>
    <bLampTypeCom>true</bLampTypeCom>
    <LampType>UserDefined</LampType>
    <bExternal>false</bExternal>
  </Zones>
  <Zones>
    <Name>Circ 00-12</Name>
    <GUID>{0DDF2B51-FEE6-4027-BA40-4196068E4395}</GUID>
    <Type>Unassigned</Type>
    <APD>None</APD>
    <DaylightControl>ManualDaylightControl</DaylightControl>
    <bOfficeStorageSpace>false</bOfficeStorageSpace>
    <bCorridorCirculationArea>true</bCorridorCirculationArea>
    <bUserDaylightFactor>false</bUserDaylightFactor>
    <UserDaylightFactor>0</UserDaylightFactor>
    <DesignDaylightFactor>0</DesignDaylightFactor>
    <NotionalDaylightFactor>0</NotionalDaylightFactor>
    <TypicalDaylightFactor>0</TypicalDaylightFactor>
    <LightingEfficiency>5.2</LightingEfficiency>
    <MinPercentofMax>0</MinPercentofMax>
    <TargetRoomIlluminance>100</TargetRoomIlluminance>
    <ParasiticPower>0.3</ParasiticPower>
    <PhotoCellSensor>true</PhotoCellSensor>
    <DisplayLighting>0</DisplayLighting>
    <MLCAreaCutOff>30</MLCAreaCutOff>
    <FreshAirTreatment>NoFreshAir</FreshAirTreatment>
    <bLampTypeCom>true</bLampTypeCom>
    <LampType>UserDefined</LampType>
    <bExternal>false</bExternal>
  </Zones>
  <Zones>
    <Name>Office 00-1</Name>
    <GUID>{F19164CD-6DCB-4116-8BA2-E491DDC6D721}</GUID>
    <Type>Unassigned</Type>
    <APD>None</APD>
    <DaylightControl>ManualDaylightControl</DaylightControl>
    <bOfficeStorageSpace>true</bOfficeStorageSpace>
    <bCorridorCirculationArea>false</bCorridorCirculationArea>
    <bUserDaylightFactor>false</bUserDaylightFactor>
    <UserDaylightFactor>0</UserDaylightFactor>
    <DesignDaylightFactor>2.2743423</DesignDaylightFactor>
    <NotionalDaylightFactor>0</NotionalDaylightFactor>
    <TypicalDaylightFactor>0</TypicalDaylightFactor>
    <LightingEfficiency>3.75</LightingEfficiency>
    <MinPercentofMax>0</MinPercentofMax>
    <TargetRoomIlluminance>500</TargetRoomIlluminance>
    <ParasiticPower>0.3</ParasiticPower>
    <PhotoCellSensor>true</PhotoCellSensor>
    <DisplayLighting>0</DisplayLighting>
    <MLCAreaCutOff>30</MLCAreaCutOff>
    <FreshAirTreatment>NoFreshAir</FreshAirTreatment>
    <bLampTypeCom>true</bLampTypeCom>
    <LampType>UserDefined</LampType>
    <bExternal>false</bExternal>
  </Zones>
  <Zones>
    <Name>Lift 1</Name>
    <GUID>{06724C4E-2205-4081-8C15-2ED279EA65A9}</GUID>
    <Type>Unassigned</Type>
    <APD>None</APD>
    <DaylightControl>NoDaylightControl</DaylightControl>
    <bOfficeStorageSpace>false</bOfficeStorageSpace>
    <bCorridorCirculationArea>false</bCorridorCirculationArea>
    <bUserDaylightFactor>false</bUserDaylightFactor>
    <UserDaylightFactor>0</UserDaylightFactor>
    <DesignDaylightFactor>0</DesignDaylightFactor>
    <NotionalDaylightFactor>0</NotionalDaylightFactor>
    <TypicalDaylightFactor>0</TypicalDaylightFactor>
    <LightingEfficiency>5.2</LightingEfficiency>
    <MinPercentofMax>0</MinPercentofMax>
    <TargetRoomIlluminance>0</TargetRoomIlluminance>
    <ParasiticPower>0.3</ParasiticPower>
    <PhotoCellSensor>true</PhotoCellSensor>
    <DisplayLighting>0</DisplayLighting>
    <MLCAreaCutOff>30</MLCAreaCutOff>
    <FreshAirTreatment>NoFreshAir</FreshAirTreatment>
    <bLampTypeCom>true</bLampTypeCom>
    <LampType>UserDefined</LampType>
    <bExternal>false</bExternal>
  </Zones>
  <Zones>
    <Name>Lift 2</Name>
    <GUID>{3F7A3411-943F-44D6-80C7-211AEEB74BDA}</GUID>
    <Type>Unassigned</Type>
    <APD>None</APD>
    <DaylightControl>NoDaylightControl</DaylightControl>
    <bOfficeStorageSpace>false</bOfficeStorageSpace>
    <bCorridorCirculationArea>false</bCorridorCirculationArea>
    <bUserDaylightFactor>false</bUserDaylightFactor>
    <UserDaylightFactor>0</UserDaylightFactor>
    <DesignDaylightFactor>0</DesignDaylightFactor>
    <NotionalDaylightFactor>0</NotionalDaylightFactor>
    <TypicalDaylightFactor>0</TypicalDaylightFactor>
    <LightingEfficiency>5.2</LightingEfficiency>
    <MinPercentofMax>0</MinPercentofMax>
    <TargetRoomIlluminance>0</TargetRoomIlluminance>
    <ParasiticPower>0.3</ParasiticPower>
    <PhotoCellSensor>true</PhotoCellSensor>
    <DisplayLighting>0</DisplayLighting>
    <MLCAreaCutOff>30</MLCAreaCutOff>
    <FreshAirTreatment>NoFreshAir</FreshAirTreatment>
    <bLampTypeCom>true</bLampTypeCom>
    <LampType>UserDefined</LampType>
    <bExternal>false</bExternal>
  </Zones>
  <Zones>
    <Name>Lift 3</Name>
    <GUID>{695D06EB-A384-4DD8-AEE6-68693638EB4A}</GUID>
    <Type>Unassigned</Type>
    <APD>None</APD>
    <DaylightControl>NoDaylightControl</DaylightControl>
    <bOfficeStorageSpace>false</bOfficeStorageSpace>
    <bCorridorCirculationArea>false</bCorridorCirculationArea>
    <bUserDaylightFactor>false</bUserDaylightFactor>
    <UserDaylightFactor>0</UserDaylightFactor>
    <DesignDaylightFactor>0</DesignDaylightFactor>
    <NotionalDaylightFactor>0</NotionalDaylightFactor>
    <TypicalDaylightFactor>0</TypicalDaylightFactor>
    <LightingEfficiency>5.2</LightingEfficiency>
    <MinPercentofMax>0</MinPercentofMax>
    <TargetRoomIlluminance>0</TargetRoomIlluminance>
    <ParasiticPower>0.3</ParasiticPower>
    <PhotoCellSensor>true</PhotoCellSensor>
    <DisplayLighting>0</DisplayLighting>
    <MLCAreaCutOff>30</MLCAreaCutOff>
    <FreshAirTreatment>NoFreshAir</FreshAirTreatment>
    <bLampTypeCom>true</bLampTypeCom>
    <LampType>UserDefined</LampType>
    <bExternal>false</bExternal>
  </Zones>
  <Zones>
    <Name>Lift 4</Name>
    <GUID>{1830E68C-9E86-4865-8D83-7712048BCD2C}</GUID>
    <Type>Unassigned</Type>
    <APD>None</APD>
    <DaylightControl>NoDaylightControl</DaylightControl>
    <bOfficeStorageSpace>false</bOfficeStorageSpace>
    <bCorridorCirculationArea>false</bCorridorCirculationArea>
    <bUserDaylightFactor>false</bUserDaylightFactor>
    <UserDaylightFactor>0</UserDaylightFactor>
    <DesignDaylightFactor>0</DesignDaylightFactor>
    <NotionalDaylightFactor>0</NotionalDaylightFactor>
    <TypicalDaylightFactor>0</TypicalDaylightFactor>
    <LightingEfficiency>5.2</LightingEfficiency>
    <MinPercentofMax>0</MinPercentofMax>
    <TargetRoomIlluminance>0</TargetRoomIlluminance>
    <ParasiticPower>0.3</ParasiticPower>
    <PhotoCellSensor>true</PhotoCellSensor>
    <DisplayLighting>0</DisplayLighting>
    <MLCAreaCutOff>30</MLCAreaCutOff>
    <FreshAirTreatment>NoFreshAir</FreshAirTreatment>
    <bLampTypeCom>true</bLampTypeCom>
    <LampType>UserDefined</LampType>
    <bExternal>false</bExternal>
  </Zones>
  <Zones>
    <Name>Lift 5</Name>
    <GUID>{8EE54BCD-33FB-486D-9E28-8FE11178961B}</GUID>
    <Type>Unassigned</Type>
    <APD>None</APD>
    <DaylightControl>NoDaylightControl</DaylightControl>
    <bOfficeStorageSpace>false</bOfficeStorageSpace>
    <bCorridorCirculationArea>false</bCorridorCirculationArea>
    <bUserDaylightFactor>false</bUserDaylightFactor>
    <UserDaylightFactor>0</UserDaylightFactor>
    <DesignDaylightFactor>0</DesignDaylightFactor>
    <NotionalDaylightFactor>0</NotionalDaylightFactor>
    <TypicalDaylightFactor>0</TypicalDaylightFactor>
    <LightingEfficiency>5.2</LightingEfficiency>
    <MinPercentofMax>0</MinPercentofMax>
    <TargetRoomIlluminance>0</TargetRoomIlluminance>
    <ParasiticPower>0.3</ParasiticPower>
    <PhotoCellSensor>true</PhotoCellSensor>
    <DisplayLighting>0</DisplayLighting>
    <MLCAreaCutOff>30</MLCAreaCutOff>
    <FreshAirTreatment>NoFreshAir</FreshAirTreatment>
    <bLampTypeCom>true</bLampTypeCom>
    <LampType>UserDefined</LampType>
    <bExternal>false</bExternal>
  </Zones>
  <Zones>
    <Name>Store 00-1</Name>
    <GUID>{B7C5FD5F-27B4-4F60-AC67-6404B12E4671}</GUID>
    <Type>Unassigned</Type>
    <APD>None</APD>
    <DaylightControl>ManualDaylightControl</DaylightControl>
    <bOfficeStorageSpace>true</bOfficeStorageSpace>
    <bCorridorCirculationArea>false</bCorridorCirculationArea>
    <bUserDaylightFactor>false</bUserDaylightFactor>
    <UserDaylightFactor>0</UserDaylightFactor>
    <DesignDaylightFactor>0</DesignDaylightFactor>
    <NotionalDaylightFactor>0</NotionalDaylightFactor>
    <TypicalDaylightFactor>0</TypicalDaylightFactor>
    <LightingEfficiency>3.75</LightingEfficiency>
    <MinPercentofMax>0</MinPercentofMax>
    <TargetRoomIlluminance>50</TargetRoomIlluminance>
    <ParasiticPower>0.3</ParasiticPower>
    <PhotoCellSensor>true</PhotoCellSensor>
    <DisplayLighting>0</DisplayLighting>
    <MLCAreaCutOff>30</MLCAreaCutOff>
    <FreshAirTreatment>NoFreshAir</FreshAirTreatment>
    <bLampTypeCom>true</bLampTypeCom>
    <LampType>UserDefined</LampType>
    <bExternal>false</bExternal>
  </Zones>
  <Zones>
    <Name>Store 00-2</Name>
    <GUID>{6862DBB1-CC33-4209-A59B-BE218E202596}</GUID>
    <Type>Unassigned</Type>
    <APD>None</APD>
    <DaylightControl>ManualDaylightControl</DaylightControl>
    <bOfficeStorageSpace>true</bOfficeStorageSpace>
    <bCorridorCirculationArea>false</bCorridorCirculationArea>
    <bUserDaylightFactor>false</bUserDaylightFactor>
    <UserDaylightFactor>0</UserDaylightFactor>
    <DesignDaylightFactor>0</DesignDaylightFactor>
    <NotionalDaylightFactor>0</NotionalDaylightFactor>
    <TypicalDaylightFactor>0</TypicalDaylightFactor>
    <LightingEfficiency>3.75</LightingEfficiency>
    <MinPercentofMax>0</MinPercentofMax>
    <TargetRoomIlluminance>50</TargetRoomIlluminance>
    <ParasiticPower>0.3</ParasiticPower>
    <PhotoCellSensor>true</PhotoCellSensor>
    <DisplayLighting>0</DisplayLighting>
    <MLCAreaCutOff>30</MLCAreaCutOff>
    <FreshAirTreatment>NoFreshAir</FreshAirTreatment>
    <bLampTypeCom>true</bLampTypeCom>
    <LampType>UserDefined</LampType>
    <bExternal>false</bExternal>
  </Zones>
  <Zones>
    <Name>Store 00-3</Name>
    <GUID>{FF0C173F-642A-4FB7-881E-8E89531198BC}</GUID>
    <Type>Unassigned</Type>
    <APD>None</APD>
    <DaylightControl>ManualDaylightControl</DaylightControl>
    <bOfficeStorageSpace>true</bOfficeStorageSpace>
    <bCorridorCirculationArea>false</bCorridorCirculationArea>
    <bUserDaylightFactor>false</bUserDaylightFactor>
    <UserDaylightFactor>0</UserDaylightFactor>
    <DesignDaylightFactor>0</DesignDaylightFactor>
    <NotionalDaylightFactor>0</NotionalDaylightFactor>
    <TypicalDaylightFactor>0</TypicalDaylightFactor>
    <LightingEfficiency>3.75</LightingEfficiency>
    <MinPercentofMax>0</MinPercentofMax>
    <TargetRoomIlluminance>50</TargetRoomIlluminance>
    <ParasiticPower>0.3</ParasiticPower>
    <PhotoCellSensor>true</PhotoCellSensor>
    <DisplayLighting>0</DisplayLighting>
    <MLCAreaCutOff>30</MLCAreaCutOff>
    <FreshAirTreatment>NoFreshAir</FreshAirTreatment>
    <bLampTypeCom>true</bLampTypeCom>
    <LampType>UserDefined</LampType>
    <bExternal>false</bExternal>
  </Zones>
  <Zones>
    <Name>Store 00-4</Name>
    <GUID>{4F3C0E7B-3188-40CB-9A42-29676360CF1E}</GUID>
    <Type>Unassigned</Type>
    <APD>None</APD>
    <DaylightControl>ManualDaylightControl</DaylightControl>
    <bOfficeStorageSpace>true</bOfficeStorageSpace>
    <bCorridorCirculationArea>false</bCorridorCirculationArea>
    <bUserDaylightFactor>false</bUserDaylightFactor>
    <UserDaylightFactor>0</UserDaylightFactor>
    <DesignDaylightFactor>0</DesignDaylightFactor>
    <NotionalDaylightFactor>0</NotionalDaylightFactor>
    <TypicalDaylightFactor>0</TypicalDaylightFactor>
    <LightingEfficiency>3.75</LightingEfficiency>
    <MinPercentofMax>0</MinPercentofMax>
    <TargetRoomIlluminance>50</TargetRoomIlluminance>
    <ParasiticPower>0.3</ParasiticPower>
    <PhotoCellSensor>true</PhotoCellSensor>
    <DisplayLighting>0</DisplayLighting>
    <MLCAreaCutOff>30</MLCAreaCutOff>
    <FreshAirTreatment>NoFreshAir</FreshAirTreatment>
    <bLampTypeCom>true</bLampTypeCom>
    <LampType>UserDefined</LampType>
    <bExternal>false</bExternal>
  </Zones>
  <Zones>
    <Name>Store 00-5</Name>
    <GUID>{AD38F5AB-ED36-4438-AAD4-D9304245C5B0}</GUID>
    <Type>Unassigned</Type>
    <APD>None</APD>
    <DaylightControl>ManualDaylightControl</DaylightControl>
    <bOfficeStorageSpace>true</bOfficeStorageSpace>
    <bCorridorCirculationArea>false</bCorridorCirculationArea>
    <bUserDaylightFactor>false</bUserDaylightFactor>
    <UserDaylightFactor>0</UserDaylightFactor>
    <DesignDaylightFactor>0</DesignDaylightFactor>
    <NotionalDaylightFactor>0</NotionalDaylightFactor>
    <TypicalDaylightFactor>0</TypicalDaylightFactor>
    <LightingEfficiency>3.75</LightingEfficiency>
    <MinPercentofMax>0</MinPercentofMax>
    <TargetRoomIlluminance>50</TargetRoomIlluminance>
    <ParasiticPower>0.3</ParasiticPower>
    <PhotoCellSensor>true</PhotoCellSensor>
    <DisplayLighting>0</DisplayLighting>
    <MLCAreaCutOff>30</MLCAreaCutOff>
    <FreshAirTreatment>NoFreshAir</FreshAirTreatment>
    <bLampTypeCom>true</bLampTypeCom>
    <LampType>UserDefined</LampType>
    <bExternal>false</bExternal>
  </Zones>
  <Zones>
    <Name>Circ 00-13</Name>
    <GUID>{162EBB1E-B95D-4253-A8B5-BC105268550B}</GUID>
    <Type>Unassigned</Type>
    <APD>None</APD>
    <DaylightControl>ManualDaylightControl</DaylightControl>
    <bOfficeStorageSpace>false</bOfficeStorageSpace>
    <bCorridorCirculationArea>true</bCorridorCirculationArea>
    <bUserDaylightFactor>false</bUserDaylightFactor>
    <UserDaylightFactor>0</UserDaylightFactor>
    <DesignDaylightFactor>0</DesignDaylightFactor>
    <NotionalDaylightFactor>0</NotionalDaylightFactor>
    <TypicalDaylightFactor>0</TypicalDaylightFactor>
    <LightingEfficiency>5.2</LightingEfficiency>
    <MinPercentofMax>0</MinPercentofMax>
    <TargetRoomIlluminance>100</TargetRoomIlluminance>
    <ParasiticPower>0.3</ParasiticPower>
    <PhotoCellSensor>true</PhotoCellSensor>
    <DisplayLighting>0</DisplayLighting>
    <MLCAreaCutOff>30</MLCAreaCutOff>
    <FreshAirTreatment>NoFreshAir</FreshAirTreatment>
    <bLampTypeCom>true</bLampTypeCom>
    <LampType>UserDefined</LampType>
    <bExternal>false</bExternal>
  </Zones>
  <Zones>
    <Name>Circ 00-14</Name>
    <GUID>{1662E1DD-1C24-43C5-98C6-6417E350F3E9}</GUID>
    <Type>Unassigned</Type>
    <APD>None</APD>
    <DaylightControl>ManualDaylightControl</DaylightControl>
    <bOfficeStorageSpace>false</bOfficeStorageSpace>
    <bCorridorCirculationArea>true</bCorridorCirculationArea>
    <bUserDaylightFactor>false</bUserDaylightFactor>
    <UserDaylightFactor>0</UserDaylightFactor>
    <DesignDaylightFactor>0</DesignDaylightFactor>
    <NotionalDaylightFactor>0</NotionalDaylightFactor>
    <TypicalDaylightFactor>0</TypicalDaylightFactor>
    <LightingEfficiency>5.2</LightingEfficiency>
    <MinPercentofMax>0</MinPercentofMax>
    <TargetRoomIlluminance>100</TargetRoomIlluminance>
    <ParasiticPower>0.3</ParasiticPower>
    <PhotoCellSensor>true</PhotoCellSensor>
    <DisplayLighting>0</DisplayLighting>
    <MLCAreaCutOff>30</MLCAreaCutOff>
    <FreshAirTreatment>NoFreshAir</FreshAirTreatment>
    <bLampTypeCom>true</bLampTypeCom>
    <LampType>UserDefined</LampType>
    <bExternal>false</bExternal>
  </Zones>
  <Zones>
    <Name>Circ 00-15</Name>
    <GUID>{3EF31C5A-527D-4669-B837-93EB85866EAF}</GUID>
    <Type>Unassigned</Type>
    <APD>None</APD>
    <DaylightControl>ManualDaylightControl</DaylightControl>
    <bOfficeStorageSpace>false</bOfficeStorageSpace>
    <bCorridorCirculationArea>true</bCorridorCirculationArea>
    <bUserDaylightFactor>false</bUserDaylightFactor>
    <UserDaylightFactor>0</UserDaylightFactor>
    <DesignDaylightFactor>0</DesignDaylightFactor>
    <NotionalDaylightFactor>0</NotionalDaylightFactor>
    <TypicalDaylightFactor>0</TypicalDaylightFactor>
    <LightingEfficiency>5.2</LightingEfficiency>
    <MinPercentofMax>0</MinPercentofMax>
    <TargetRoomIlluminance>100</TargetRoomIlluminance>
    <ParasiticPower>0.3</ParasiticPower>
    <PhotoCellSensor>true</PhotoCellSensor>
    <DisplayLighting>0</DisplayLighting>
    <MLCAreaCutOff>30</MLCAreaCutOff>
    <FreshAirTreatment>NoFreshAir</FreshAirTreatment>
    <bLampTypeCom>true</bLampTypeCom>
    <LampType>UserDefined</LampType>
    <bExternal>false</bExternal>
  </Zones>
  <Zones>
    <Name>Circ 00-16</Name>
    <GUID>{6A256509-59F0-411B-8B9E-91CD8BDCFE97}</GUID>
    <Type>Unassigned</Type>
    <APD>None</APD>
    <DaylightControl>ManualDaylightControl</DaylightControl>
    <bOfficeStorageSpace>false</bOfficeStorageSpace>
    <bCorridorCirculationArea>true</bCorridorCirculationArea>
    <bUserDaylightFactor>false</bUserDaylightFactor>
    <UserDaylightFactor>0</UserDaylightFactor>
    <DesignDaylightFactor>0</DesignDaylightFactor>
    <NotionalDaylightFactor>0</NotionalDaylightFactor>
    <TypicalDaylightFactor>0</TypicalDaylightFactor>
    <LightingEfficiency>5.2</LightingEfficiency>
    <MinPercentofMax>0</MinPercentofMax>
    <TargetRoomIlluminance>100</TargetRoomIlluminance>
    <ParasiticPower>0.3</ParasiticPower>
    <PhotoCellSensor>true</PhotoCellSensor>
    <DisplayLighting>0</DisplayLighting>
    <MLCAreaCutOff>30</MLCAreaCutOff>
    <FreshAirTreatment>NoFreshAir</FreshAirTreatment>
    <bLampTypeCom>true</bLampTypeCom>
    <LampType>UserDefined</LampType>
    <bExternal>false</bExternal>
  </Zones>
  <Zones>
    <Name>Circ 00-17</Name>
    <GUID>{45D4E3F2-BCBD-4858-BF33-BDE951A3BC44}</GUID>
    <Type>Unassigned</Type>
    <APD>None</APD>
    <DaylightControl>ManualDaylightControl</DaylightControl>
    <bOfficeStorageSpace>false</bOfficeStorageSpace>
    <bCorridorCirculationArea>true</bCorridorCirculationArea>
    <bUserDaylightFactor>false</bUserDaylightFactor>
    <UserDaylightFactor>0</UserDaylightFactor>
    <DesignDaylightFactor>0</DesignDaylightFactor>
    <NotionalDaylightFactor>0</NotionalDaylightFactor>
    <TypicalDaylightFactor>0</TypicalDaylightFactor>
    <LightingEfficiency>5.2</LightingEfficiency>
    <MinPercentofMax>0</MinPercentofMax>
    <TargetRoomIlluminance>100</TargetRoomIlluminance>
    <ParasiticPower>0.3</ParasiticPower>
    <PhotoCellSensor>true</PhotoCellSensor>
    <DisplayLighting>0</DisplayLighting>
    <MLCAreaCutOff>30</MLCAreaCutOff>
    <FreshAirTreatment>NoFreshAir</FreshAirTreatment>
    <bLampTypeCom>true</bLampTypeCom>
    <LampType>UserDefined</LampType>
    <bExternal>false</bExternal>
  </Zones>
  <Zones>
    <Name>Circ 00-18</Name>
    <GUID>{96ECED7E-4DD7-44C0-896A-B10E4D63C19B}</GUID>
    <Type>Unassigned</Type>
    <APD>None</APD>
    <DaylightControl>ManualDaylightControl</DaylightControl>
    <bOfficeStorageSpace>false</bOfficeStorageSpace>
    <bCorridorCirculationArea>true</bCorridorCirculationArea>
    <bUserDaylightFactor>false</bUserDaylightFactor>
    <UserDaylightFactor>0</UserDaylightFactor>
    <DesignDaylightFactor>0</DesignDaylightFactor>
    <NotionalDaylightFactor>0</NotionalDaylightFactor>
    <TypicalDaylightFactor>0</TypicalDaylightFactor>
    <LightingEfficiency>5.2</LightingEfficiency>
    <MinPercentofMax>0</MinPercentofMax>
    <TargetRoomIlluminance>100</TargetRoomIlluminance>
    <ParasiticPower>0.3</ParasiticPower>
    <PhotoCellSensor>true</PhotoCellSensor>
    <DisplayLighting>0</DisplayLighting>
    <MLCAreaCutOff>30</MLCAreaCutOff>
    <FreshAirTreatment>NoFreshAir</FreshAirTreatment>
    <bLampTypeCom>true</bLampTypeCom>
    <LampType>UserDefined</LampType>
    <bExternal>false</bExternal>
  </Zones>
  <Zones>
    <Name>Lift 6</Name>
    <GUID>{7564800A-426F-4EEC-BFAF-F464C929F619}</GUID>
    <Type>Unassigned</Type>
    <APD>None</APD>
    <DaylightControl>NoDaylightControl</DaylightControl>
    <bOfficeStorageSpace>false</bOfficeStorageSpace>
    <bCorridorCirculationArea>false</bCorridorCirculationArea>
    <bUserDaylightFactor>false</bUserDaylightFactor>
    <UserDaylightFactor>0</UserDaylightFactor>
    <DesignDaylightFactor>0</DesignDaylightFactor>
    <NotionalDaylightFactor>0</NotionalDaylightFactor>
    <TypicalDaylightFactor>0</TypicalDaylightFactor>
    <LightingEfficiency>5.2</LightingEfficiency>
    <MinPercentofMax>0</MinPercentofMax>
    <TargetRoomIlluminance>0</TargetRoomIlluminance>
    <ParasiticPower>0.3</ParasiticPower>
    <PhotoCellSensor>true</PhotoCellSensor>
    <DisplayLighting>0</DisplayLighting>
    <MLCAreaCutOff>30</MLCAreaCutOff>
    <FreshAirTreatment>NoFreshAir</FreshAirTreatment>
    <bLampTypeCom>true</bLampTypeCom>
    <LampType>UserDefined</LampType>
    <bExternal>false</bExternal>
  </Zones>
  <Zones>
    <Name>Lift 7</Name>
    <GUID>{6E1E866B-2A92-4B6D-8D7C-7830B9F5F330}</GUID>
    <Type>Unassigned</Type>
    <APD>None</APD>
    <DaylightControl>NoDaylightControl</DaylightControl>
    <bOfficeStorageSpace>false</bOfficeStorageSpace>
    <bCorridorCirculationArea>false</bCorridorCirculationArea>
    <bUserDaylightFactor>false</bUserDaylightFactor>
    <UserDaylightFactor>0</UserDaylightFactor>
    <DesignDaylightFactor>0</DesignDaylightFactor>
    <NotionalDaylightFactor>0</NotionalDaylightFactor>
    <TypicalDaylightFactor>0</TypicalDaylightFactor>
    <LightingEfficiency>5.2</LightingEfficiency>
    <MinPercentofMax>0</MinPercentofMax>
    <TargetRoomIlluminance>0</TargetRoomIlluminance>
    <ParasiticPower>0.3</ParasiticPower>
    <PhotoCellSensor>true</PhotoCellSensor>
    <DisplayLighting>0</DisplayLighting>
    <MLCAreaCutOff>30</MLCAreaCutOff>
    <FreshAirTreatment>NoFreshAir</FreshAirTreatment>
    <bLampTypeCom>true</bLampTypeCom>
    <LampType>UserDefined</LampType>
    <bExternal>false</bExternal>
  </Zones>
  <Zones>
    <Name>Lift 8</Name>
    <GUID>{831241C1-6CEC-46E5-9083-213465D99BEF}</GUID>
    <Type>Unassigned</Type>
    <APD>None</APD>
    <DaylightControl>NoDaylightControl</DaylightControl>
    <bOfficeStorageSpace>false</bOfficeStorageSpace>
    <bCorridorCirculationArea>false</bCorridorCirculationArea>
    <bUserDaylightFactor>false</bUserDaylightFactor>
    <UserDaylightFactor>0</UserDaylightFactor>
    <DesignDaylightFactor>0</DesignDaylightFactor>
    <NotionalDaylightFactor>0</NotionalDaylightFactor>
    <TypicalDaylightFactor>0</TypicalDaylightFactor>
    <LightingEfficiency>5.2</LightingEfficiency>
    <MinPercentofMax>0</MinPercentofMax>
    <TargetRoomIlluminance>0</TargetRoomIlluminance>
    <ParasiticPower>0.3</ParasiticPower>
    <PhotoCellSensor>true</PhotoCellSensor>
    <DisplayLighting>0</DisplayLighting>
    <MLCAreaCutOff>30</MLCAreaCutOff>
    <FreshAirTreatment>NoFreshAir</FreshAirTreatment>
    <bLampTypeCom>true</bLampTypeCom>
    <LampType>UserDefined</LampType>
    <bExternal>false</bExternal>
  </Zones>
  <Zones>
    <Name>Store 00-6</Name>
    <GUID>{E0D7D815-E0DF-401A-A1FF-E4C8B64489DE}</GUID>
    <Type>Unassigned</Type>
    <APD>None</APD>
    <DaylightControl>ManualDaylightControl</DaylightControl>
    <bOfficeStorageSpace>true</bOfficeStorageSpace>
    <bCorridorCirculationArea>false</bCorridorCirculationArea>
    <bUserDaylightFactor>false</bUserDaylightFactor>
    <UserDaylightFactor>0</UserDaylightFactor>
    <DesignDaylightFactor>0</DesignDaylightFactor>
    <NotionalDaylightFactor>0</NotionalDaylightFactor>
    <TypicalDaylightFactor>0</TypicalDaylightFactor>
    <LightingEfficiency>3.75</LightingEfficiency>
    <MinPercentofMax>0</MinPercentofMax>
    <TargetRoomIlluminance>50</TargetRoomIlluminance>
    <ParasiticPower>0.3</ParasiticPower>
    <PhotoCellSensor>true</PhotoCellSensor>
    <DisplayLighting>0</DisplayLighting>
    <MLCAreaCutOff>30</MLCAreaCutOff>
    <FreshAirTreatment>NoFreshAir</FreshAirTreatment>
    <bLampTypeCom>true</bLampTypeCom>
    <LampType>UserDefined</LampType>
    <bExternal>false</bExternal>
  </Zones>
  <Zones>
    <Name>Circ 00-19</Name>
    <GUID>{46505D3D-CE9C-49B6-BA35-427DE01FB73E}</GUID>
    <Type>Unassigned</Type>
    <APD>None</APD>
    <DaylightControl>ManualDaylightControl</DaylightControl>
    <bOfficeStorageSpace>false</bOfficeStorageSpace>
    <bCorridorCirculationArea>true</bCorridorCirculationArea>
    <bUserDaylightFactor>false</bUserDaylightFactor>
    <UserDaylightFactor>0</UserDaylightFactor>
    <DesignDaylightFactor>0</DesignDaylightFactor>
    <NotionalDaylightFactor>0</NotionalDaylightFactor>
    <TypicalDaylightFactor>0</TypicalDaylightFactor>
    <LightingEfficiency>5.2</LightingEfficiency>
    <MinPercentofMax>0</MinPercentofMax>
    <TargetRoomIlluminance>100</TargetRoomIlluminance>
    <ParasiticPower>0.3</ParasiticPower>
    <PhotoCellSensor>true</PhotoCellSensor>
    <DisplayLighting>0</DisplayLighting>
    <MLCAreaCutOff>30</MLCAreaCutOff>
    <FreshAirTreatment>NoFreshAir</FreshAirTreatment>
    <bLampTypeCom>true</bLampTypeCom>
    <LampType>UserDefined</LampType>
    <bExternal>false</bExternal>
  </Zones>
  <Zones>
    <Name>Circ 00-20</Name>
    <GUID>{BE4CAED7-CDCD-48F0-8E97-E9C4CEC1C404}</GUID>
    <Type>Unassigned</Type>
    <APD>None</APD>
    <DaylightControl>ManualDaylightControl</DaylightControl>
    <bOfficeStorageSpace>false</bOfficeStorageSpace>
    <bCorridorCirculationArea>true</bCorridorCirculationArea>
    <bUserDaylightFactor>false</bUserDaylightFactor>
    <UserDaylightFactor>0</UserDaylightFactor>
    <DesignDaylightFactor>0</DesignDaylightFactor>
    <NotionalDaylightFactor>0</NotionalDaylightFactor>
    <TypicalDaylightFactor>0</TypicalDaylightFactor>
    <LightingEfficiency>5.2</LightingEfficiency>
    <MinPercentofMax>0</MinPercentofMax>
    <TargetRoomIlluminance>100</TargetRoomIlluminance>
    <ParasiticPower>0.3</ParasiticPower>
    <PhotoCellSensor>true</PhotoCellSensor>
    <DisplayLighting>0</DisplayLighting>
    <MLCAreaCutOff>30</MLCAreaCutOff>
    <FreshAirTreatment>NoFreshAir</FreshAirTreatment>
    <bLampTypeCom>true</bLampTypeCom>
    <LampType>UserDefined</LampType>
    <bExternal>false</bExternal>
  </Zones>
  <Zones>
    <Name>Circ 00-21</Name>
    <GUID>{5C92582A-0314-4FCE-9422-FEC1E3E2AA66}</GUID>
    <Type>Unassigned</Type>
    <APD>None</APD>
    <DaylightControl>ManualDaylightControl</DaylightControl>
    <bOfficeStorageSpace>false</bOfficeStorageSpace>
    <bCorridorCirculationArea>true</bCorridorCirculationArea>
    <bUserDaylightFactor>false</bUserDaylightFactor>
    <UserDaylightFactor>0</UserDaylightFactor>
    <DesignDaylightFactor>0</DesignDaylightFactor>
    <NotionalDaylightFactor>0</NotionalDaylightFactor>
    <TypicalDaylightFactor>0</TypicalDaylightFactor>
    <LightingEfficiency>5.2</LightingEfficiency>
    <MinPercentofMax>0</MinPercentofMax>
    <TargetRoomIlluminance>100</TargetRoomIlluminance>
    <ParasiticPower>0.3</ParasiticPower>
    <PhotoCellSensor>true</PhotoCellSensor>
    <DisplayLighting>0</DisplayLighting>
    <MLCAreaCutOff>30</MLCAreaCutOff>
    <FreshAirTreatment>NoFreshAir</FreshAirTreatment>
    <bLampTypeCom>true</bLampTypeCom>
    <LampType>UserDefined</LampType>
    <bExternal>false</bExternal>
  </Zones>
  <TotalVolume>5749.947</TotalVolume>
</Building>