﻿<?xml version="1.0" encoding="utf-8"?>
<Building xmlns:xsi="http://www.w3.org/2001/XMLSchema-instance" xmlns:xsd="http://www.w3.org/2001/XMLSchema" xmlns="http://www.edsl.net/GeneratorData.xsd">
  <TBDPath>C:\TEMP\TAS\Scotstoun House\Live\8-s6.tbd</TBDPath>
  <TBDFileName>8-s6.tbd</TBDFileName>
  <GUID>{C20D18CB-D636-4EBA-B2DE-F1933533DA15}</GUID>
  <bDesign>true</bDesign>
  <bNotional>true</bNotional>
  <bTypical>true</bTypical>
  <bReference>true</bReference>
  <TCDPath>H:\My Documents\Tas Data\Databases\NCMConstructions_v3.5.tcd</TCDPath>
  <T3DPath>C:\TEMP\TAS\Scotstoun House\26-03-2009\8-a.t3d</T3DPath>
  <TBDNoShadesPath>C:\TEMP\TAS\Scotstoun House\26-03-2009\8-s6.tbd</TBDNoShadesPath>
  <bReExport>False</bReExport>
  <bHasExternalZones>false</bHasExternalZones>
  <ShadowStepSize>15</ShadowStepSize>
  <Type>OfficesandShops</Type>
  <DesignAirPermeability>15</DesignAirPermeability>
  <InfGuideAType>1</InfGuideAType>
  <InfGuideASize>11</InfGuideASize>
  <DesAlpha>5.36</DesAlpha>
  <DesTotExtArea>4083</DesTotExtArea>
  <DesAvgUValue>0.44</DesAvgUValue>
  <DesTotBuildConduct>1780</DesTotBuildConduct>
  <NotAlpha>5.36</NotAlpha>
  <NotTotExtArea>4083</NotTotExtArea>
  <NotAvgUValue>0.54</NotAvgUValue>
  <NotTotBuildConduct>2196</NotTotBuildConduct>
  <TypAlpha>0</TypAlpha>
  <TypTotExtArea>0</TypTotExtArea>
  <TypAvgUValue>0</TypAvgUValue>
  <TypTotBuildConduct>0</TypTotBuildConduct>
  <RefAlpha>0</RefAlpha>
  <RefTotExtArea>0</RefTotExtArea>
  <RefAvgUValue>0</RefAvgUValue>
  <RefTotBuildConduct>0</RefTotBuildConduct>
  <RegType>Scotland</RegType>
  <S6BType>Other</S6BType>
  <S6AccredConst>true</S6AccredConst>
  <NCMVersion>vNCM3_5</NCMVersion>
  <BuildingElements>
    <Name>External Wall</Name>
    <GUID>{ABC3FD9D-1ADB-46EE-8681-CAF7C037163C}</GUID>
    <Type>Walls</Type>
    <Area>355.320221</Area>
    <UValue>0.3003129</UValue>
  </BuildingElements>
  <BuildingElements>
    <Name>Internal Wall</Name>
    <GUID>{90DD17F3-E43B-4056-B651-E12753CA5197}</GUID>
    <Type>InternalWalls</Type>
    <Area>1075.91846</Area>
    <UValue>1.650737</UValue>
  </BuildingElements>
  <BuildingElements>
    <Name>Ceiling</Name>
    <GUID>{0E88B377-FA00-4F8F-9845-ABCCA04527D2}</GUID>
    <Type>Roofs</Type>
    <Area>843.37</Area>
    <UValue>0.248010427</UValue>
  </BuildingElements>
  <BuildingElements>
    <Name>Glass Wall</Name>
    <GUID>{83459AFD-D4D8-4F23-B339-2654A069E75F}</GUID>
    <Type>Windows</Type>
    <Area>197.978561</Area>
    <UValue>1.17859173</UValue>
  </BuildingElements>
  <BuildingElements>
    <Name>Wall Atrium</Name>
    <GUID>{2E4B659E-1BB6-4306-BF31-C8CAC0F91DF5}</GUID>
    <Type>Walls</Type>
    <Area>44.0272636</Area>
    <UValue>0.3003129</UValue>
  </BuildingElements>
  <BuildingElements>
    <Name>Null</Name>
    <GUID>{00000000-0000-0000-0000-000000000000}</GUID>
    <Type>Unassigned</Type>
    <Area>902.407349</Area>
    <UValue>0</UValue>
  </BuildingElements>
  <BuildingElements>
    <Name>E2 Entry Door-pane</Name>
    <GUID>{DDFE9BC3-B793-4A13-97FB-E01885D56D61}</GUID>
    <Type>PedestrianDoors</Type>
    <Area>6.72</Area>
    <UValue>1.94614339</UValue>
  </BuildingElements>
  <BuildingElements>
    <Name>E2 Entry Door-frame</Name>
    <GUID>{0682F58D-871D-4396-A933-C01F821783A0}</GUID>
    <Type>PedestrianDoors</Type>
    <Area>0.76</Area>
    <UValue>2.84770966</UValue>
  </BuildingElements>
  <BuildingElements>
    <Name>W Big-pane</Name>
    <GUID>{E69CC403-0970-4ACA-8693-D19375CF57E5}</GUID>
    <Type>Windows</Type>
    <Area>51.1212044</Area>
    <UValue>1.17859173</UValue>
  </BuildingElements>
  <BuildingElements>
    <Name>W Big-frame</Name>
    <GUID>{4C0F1C73-FC67-4D1B-B8D6-A48315E3A913}</GUID>
    <Type>Windows</Type>
    <Area>7.721999</Area>
    <UValue>4.51336527</UValue>
  </BuildingElements>
  <BuildingElements>
    <Name>W1 F-pane</Name>
    <GUID>{9EB5F138-ECF9-46EF-92E7-358FD8B75F9F}</GUID>
    <Type>Windows</Type>
    <Area>3.08</Area>
    <UValue>1.17859173</UValue>
  </BuildingElements>
  <BuildingElements>
    <Name>W1 F-frame</Name>
    <GUID>{B1891BFA-F71E-430A-8001-5BDEAFC1891C}</GUID>
    <Type>Windows</Type>
    <Area>0.52</Area>
    <UValue>2.20739</UValue>
  </BuildingElements>
  <BuildingElements>
    <Name>E1 Meeting Room-pane</Name>
    <GUID>{3532FE4A-BA00-4563-8DAE-C5522882755F}</GUID>
    <Type>Windows</Type>
    <Area>5.22000027</Area>
    <UValue>1.17859173</UValue>
  </BuildingElements>
  <BuildingElements>
    <Name>E1 Meeting Room-frame</Name>
    <GUID>{ED15E088-6091-49CE-A4BA-EA22454CD70F}</GUID>
    <Type>Windows</Type>
    <Area>2.385</Area>
    <UValue>4.51336527</UValue>
  </BuildingElements>
  <BuildingElements>
    <Name>Atrium night-pane</Name>
    <GUID>{3F3A6767-C9F9-44DA-B70B-B1CC9B6F070F}</GUID>
    <Type>Windows</Type>
    <Area>9.408</Area>
    <UValue>1.17859173</UValue>
  </BuildingElements>
  <BuildingElements>
    <Name>Atrium night-frame</Name>
    <GUID>{F6173A9C-60DD-4D29-AD6C-BDB9EA4C5077}</GUID>
    <Type>Windows</Type>
    <Area>2.192</Area>
    <UValue>2.20739</UValue>
  </BuildingElements>
  <BuildingElements>
    <Name>Concrete</Name>
    <GUID>{BB4CCC93-424E-4452-A2ED-62B23E8FA069}</GUID>
    <Type>Walls</Type>
    <Area>272.470428</Area>
    <UValue>0.8332182</UValue>
  </BuildingElements>
  <BuildingElements>
    <Name>Huge2-pane</Name>
    <GUID>{9CB32361-77C1-45F6-A5A1-3CC4D1725AF6}</GUID>
    <Type>Unassigned</Type>
    <Area>60</Area>
    <UValue>0</UValue>
  </BuildingElements>
  <BuildingElements>
    <Name>Huge2-frame</Name>
    <GUID>{7DBB0D1E-78B8-4B20-8734-612705CAB8E0}</GUID>
    <Type>Unassigned</Type>
    <Area>0</Area>
    <UValue>0</UValue>
  </BuildingElements>
  <BuildingElements>
    <Name>Roof New office</Name>
    <GUID>{387EA260-94E2-4712-80F2-F9CCDC2DC0D2}</GUID>
    <Type>Roofs</Type>
    <Area>748.803</Area>
    <UValue>0.249403581</UValue>
  </BuildingElements>
  <BuildingElements>
    <Name>W1-pane</Name>
    <GUID>{D60DD6FB-5DC9-463B-809B-6ACEFBEBCC1D}</GUID>
    <Type>Windows</Type>
    <Area>1.88</Area>
    <UValue>1.17859173</UValue>
  </BuildingElements>
  <BuildingElements>
    <Name>W1-frame</Name>
    <GUID>{9A8D843E-D2FA-4EBF-8C36-A8406E8B03DE}</GUID>
    <Type>Windows</Type>
    <Area>0.325</Area>
    <UValue>2.20739</UValue>
  </BuildingElements>
  <BuildingElements>
    <Name>W2-pane</Name>
    <GUID>{90128945-E536-4C71-A20C-F6BBCD7DBF80}</GUID>
    <Type>Windows</Type>
    <Area>0.16</Area>
    <UValue>1.17859173</UValue>
  </BuildingElements>
  <BuildingElements>
    <Name>W2-frame</Name>
    <GUID>{17902CC2-F218-4C9E-9278-5699E9831484}</GUID>
    <Type>Windows</Type>
    <Area>0.11</Area>
    <UValue>2.20739</UValue>
  </BuildingElements>
  <BuildingElements>
    <Name>W3+-pane</Name>
    <GUID>{EAA2DCCA-23DE-4E91-A3BB-0729CD9B45CC}</GUID>
    <Type>Windows</Type>
    <Area>0.81</Area>
    <UValue>1.17859173</UValue>
  </BuildingElements>
  <BuildingElements>
    <Name>W3+-frame</Name>
    <GUID>{7DBA0F3D-99BC-4442-A4DE-09F2C0EBD00D}</GUID>
    <Type>Windows</Type>
    <Area>0.31</Area>
    <UValue>2.20739</UValue>
  </BuildingElements>
  <BuildingElements>
    <Name>W4+-pane</Name>
    <GUID>{1E0DB5EB-092B-4371-BE2D-9E85308B74FB}</GUID>
    <Type>Windows</Type>
    <Area>7.30800056</Area>
    <UValue>1.17859173</UValue>
  </BuildingElements>
  <BuildingElements>
    <Name>W4+-frame</Name>
    <GUID>{7C41DE3C-DD2E-469A-8AC7-0039DFF6FB30}</GUID>
    <Type>Windows</Type>
    <Area>3.066</Area>
    <UValue>2.20739</UValue>
  </BuildingElements>
  <BuildingElements>
    <Name>W5-pane</Name>
    <GUID>{1E8A0A53-FF16-4B9E-8F53-672B9E7EB20D}</GUID>
    <Type>Windows</Type>
    <Area>1.012</Area>
    <UValue>1.17859173</UValue>
  </BuildingElements>
  <BuildingElements>
    <Name>W5-frame</Name>
    <GUID>{0D384311-C31B-4414-837C-C722340E2616}</GUID>
    <Type>Windows</Type>
    <Area>0.276</Area>
    <UValue>2.20739</UValue>
  </BuildingElements>
  <BuildingElements>
    <Name>W6-pane</Name>
    <GUID>{28E67746-AFEA-4097-82AC-E4FEA8AD34B4}</GUID>
    <Type>Windows</Type>
    <Area>0.1518</Area>
    <UValue>1.17859173</UValue>
  </BuildingElements>
  <BuildingElements>
    <Name>W6-frame</Name>
    <GUID>{2A44ED06-CD12-427A-8639-F8C68DCD7209}</GUID>
    <Type>Windows</Type>
    <Area>0.089</Area>
    <UValue>2.20739</UValue>
  </BuildingElements>
  <BuildingElements>
    <Name>W7-pane</Name>
    <GUID>{45519C8C-4C54-4B6B-AF54-87B020F112EE}</GUID>
    <Type>Windows</Type>
    <Area>0.33</Area>
    <UValue>1.17859173</UValue>
  </BuildingElements>
  <BuildingElements>
    <Name>W7-frame</Name>
    <GUID>{D6DD5734-8E7D-428B-A232-6851B848947E}</GUID>
    <Type>Windows</Type>
    <Area>0.143</Area>
    <UValue>2.20739</UValue>
  </BuildingElements>
  <BuildingElements>
    <Name>W8-pane</Name>
    <GUID>{B1BB3150-D741-45FA-94B1-2A77264B9F9F}</GUID>
    <Type>Windows</Type>
    <Area>2.2</Area>
    <UValue>1.17859173</UValue>
  </BuildingElements>
  <BuildingElements>
    <Name>W8-frame</Name>
    <GUID>{88820984-3CDB-45AD-B363-3D30FC471CC0}</GUID>
    <Type>Windows</Type>
    <Area>0.33</Area>
    <UValue>2.20739</UValue>
  </BuildingElements>
  <BuildingElements>
    <Name>W9+-pane</Name>
    <GUID>{6D45D466-F47E-4B00-8BBF-89E7F85657A7}</GUID>
    <Type>Windows</Type>
    <Area>2.35</Area>
    <UValue>1.17859173</UValue>
  </BuildingElements>
  <BuildingElements>
    <Name>W9+-frame</Name>
    <GUID>{76F80E43-9271-4F7A-BBDD-A27E5E19ECBB}</GUID>
    <Type>Windows</Type>
    <Area>0.345</Area>
    <UValue>2.20739</UValue>
  </BuildingElements>
  <BuildingElements>
    <Name>W10-pane</Name>
    <GUID>{7FF57073-34C8-403B-8B69-AFEDEB5323C8}</GUID>
    <Type>Windows</Type>
    <Area>0.2</Area>
    <UValue>1.17859173</UValue>
  </BuildingElements>
  <BuildingElements>
    <Name>W10-frame</Name>
    <GUID>{E8E6D418-757F-4CBD-914D-EF648D0A72F0}</GUID>
    <Type>Windows</Type>
    <Area>0.13</Area>
    <UValue>2.20739</UValue>
  </BuildingElements>
  <BuildingElements>
    <Name>W11-pane</Name>
    <GUID>{8849AE37-C581-40E4-BA7E-5304B9AFC213}</GUID>
    <Type>Windows</Type>
    <Area>0.1518</Area>
    <UValue>1.17859173</UValue>
  </BuildingElements>
  <BuildingElements>
    <Name>W11-frame</Name>
    <GUID>{EA1FABE0-EE5C-4320-B44F-715BA08D32F9}</GUID>
    <Type>Windows</Type>
    <Area>0.089</Area>
    <UValue>2.20739</UValue>
  </BuildingElements>
  <BuildingElements>
    <Name>W12+-pane</Name>
    <GUID>{A8985281-92BE-43D2-BE07-59809FE7202D}</GUID>
    <Type>Windows</Type>
    <Area>1.012</Area>
    <UValue>1.17859173</UValue>
  </BuildingElements>
  <BuildingElements>
    <Name>W12+-frame</Name>
    <GUID>{3D97CA37-F62B-4178-8B77-E943D5D0DE4B}</GUID>
    <Type>Windows</Type>
    <Area>0.276</Area>
    <UValue>2.20739</UValue>
  </BuildingElements>
  <BuildingElements>
    <Name>W13-pane</Name>
    <GUID>{1404175D-9339-436A-9935-79270F868FCB}</GUID>
    <Type>Windows</Type>
    <Area>2.64</Area>
    <UValue>1.17859173</UValue>
  </BuildingElements>
  <BuildingElements>
    <Name>W13-frame</Name>
    <GUID>{574A1EBD-512F-479C-9A20-FA5BB603A004}</GUID>
    <Type>Windows</Type>
    <Area>0.35</Area>
    <UValue>2.20739</UValue>
  </BuildingElements>
  <BuildingElements>
    <Name>W14+-pane</Name>
    <GUID>{780045E7-F8FC-4DF5-A19D-2E781854C285}</GUID>
    <Type>Windows</Type>
    <Area>0.396</Area>
    <UValue>1.17859173</UValue>
  </BuildingElements>
  <BuildingElements>
    <Name>W14+-frame</Name>
    <GUID>{F9CDB3E6-4F8D-4466-8AA0-47A6121EA5CE}</GUID>
    <Type>Windows</Type>
    <Area>0.163</Area>
    <UValue>2.20739</UValue>
  </BuildingElements>
  <BuildingElements>
    <Name>W15-pane</Name>
    <GUID>{D7B82D15-F3E0-489F-9062-D5968D7CA1A2}</GUID>
    <Type>Windows</Type>
    <Area>0.1749</Area>
    <UValue>1.17859173</UValue>
  </BuildingElements>
  <BuildingElements>
    <Name>W15-frame</Name>
    <GUID>{8CAD1481-AE87-4161-A60F-A851978FCEBE}</GUID>
    <Type>Windows</Type>
    <Area>0.096</Area>
    <UValue>2.20739</UValue>
  </BuildingElements>
  <BuildingElements>
    <Name>W16+-pane</Name>
    <GUID>{7BD1C39C-19EB-4E89-8315-B068C0F8213C}</GUID>
    <Type>Windows</Type>
    <Area>0.9964</Area>
    <UValue>1.17859173</UValue>
  </BuildingElements>
  <BuildingElements>
    <Name>W16+-frame</Name>
    <GUID>{4BFF846E-86FA-43A1-AE31-FC6CDEA6E1AF}</GUID>
    <Type>Windows</Type>
    <Area>0.251</Area>
    <UValue>2.20739</UValue>
  </BuildingElements>
  <BuildingElements>
    <Name>W17-pane</Name>
    <GUID>{1A3CF82C-F5D8-47D4-9EE6-E8CA79CFDE09}</GUID>
    <Type>Windows</Type>
    <Area>0.106</Area>
    <UValue>1.17859173</UValue>
  </BuildingElements>
  <BuildingElements>
    <Name>W17-frame</Name>
    <GUID>{AB8537E2-DCE5-4501-A59A-794A404755F1}</GUID>
    <Type>Windows</Type>
    <Area>0.083</Area>
    <UValue>2.20739</UValue>
  </BuildingElements>
  <BuildingElements>
    <Name>W18-pane</Name>
    <GUID>{2917E028-41F5-40D4-841D-EB05B6CC5DDD}</GUID>
    <Type>Windows</Type>
    <Area>0.26</Area>
    <UValue>1.17859173</UValue>
  </BuildingElements>
  <BuildingElements>
    <Name>W18-frame</Name>
    <GUID>{CB07BEF6-6671-4F46-BED9-016A86C1D8DA}</GUID>
    <Type>Windows</Type>
    <Area>0.16</Area>
    <UValue>2.20739</UValue>
  </BuildingElements>
  <BuildingElements>
    <Name>W19+-pane</Name>
    <GUID>{E52226C4-7413-472E-A929-3AB967B99537}</GUID>
    <Type>Windows</Type>
    <Area>2.82</Area>
    <UValue>1.17859173</UValue>
  </BuildingElements>
  <BuildingElements>
    <Name>W19+-frame</Name>
    <GUID>{10AD489F-1F3C-49F8-A15C-CCF4C57A116B}</GUID>
    <Type>Windows</Type>
    <Area>0.61</Area>
    <UValue>2.20739</UValue>
  </BuildingElements>
  <BuildingElements>
    <Name>W20-pane</Name>
    <GUID>{61B77D7D-D1F5-4495-A8FA-9E3C1098A73B}</GUID>
    <Type>Windows</Type>
    <Area>2.2</Area>
    <UValue>1.17859173</UValue>
  </BuildingElements>
  <BuildingElements>
    <Name>W20-frame</Name>
    <GUID>{6D1496CB-4B51-4857-9295-5C2A2012FAB2}</GUID>
    <Type>Windows</Type>
    <Area>0.33</Area>
    <UValue>2.20739</UValue>
  </BuildingElements>
  <BuildingElements>
    <Name>W21-pane</Name>
    <GUID>{128464A4-7613-48C2-9136-1A40B575DDFF}</GUID>
    <Type>Windows</Type>
    <Area>0.33</Area>
    <UValue>1.17859173</UValue>
  </BuildingElements>
  <BuildingElements>
    <Name>W21-frame</Name>
    <GUID>{EDE4E62D-7E88-4275-B7AB-D804CD892909}</GUID>
    <Type>Windows</Type>
    <Area>0.143</Area>
    <UValue>2.20739</UValue>
  </BuildingElements>
  <BuildingElements>
    <Name>W22-pane</Name>
    <GUID>{45C0B520-25DE-498A-982F-1F7307E3B8C6}</GUID>
    <Type>Windows</Type>
    <Area>3.3</Area>
    <UValue>1.17859173</UValue>
  </BuildingElements>
  <BuildingElements>
    <Name>W22-frame</Name>
    <GUID>{57D1BC15-2BEA-4AD9-8910-34881080F786}</GUID>
    <Type>Windows</Type>
    <Area>0.38</Area>
    <UValue>2.20739</UValue>
  </BuildingElements>
  <BuildingElements>
    <Name>W23-pane</Name>
    <GUID>{9C32C92C-95A9-43D8-A009-0975F040F829}</GUID>
    <Type>Windows</Type>
    <Area>0.495</Area>
    <UValue>1.17859173</UValue>
  </BuildingElements>
  <BuildingElements>
    <Name>W23-frame</Name>
    <GUID>{33B1D98E-6855-4B5B-BE09-E1C265B9E515}</GUID>
    <Type>Windows</Type>
    <Area>0.193</Area>
    <UValue>2.20739</UValue>
  </BuildingElements>
  <BuildingElements>
    <Name>W24+-pane</Name>
    <GUID>{4F79F85E-E894-4C4F-BC16-8DEF60C435FE}</GUID>
    <Type>Windows</Type>
    <Area>3.45</Area>
    <UValue>1.17859173</UValue>
  </BuildingElements>
  <BuildingElements>
    <Name>W24+-frame</Name>
    <GUID>{0138DB69-9418-4177-9D40-E3D8465E4108}</GUID>
    <Type>Windows</Type>
    <Area>0.63</Area>
    <UValue>2.20739</UValue>
  </BuildingElements>
  <BuildingElements>
    <Name>W25-pane</Name>
    <GUID>{BAEBEA6C-3E0E-4427-8250-716F6D834D77}</GUID>
    <Type>Windows</Type>
    <Area>2.64</Area>
    <UValue>1.17859173</UValue>
  </BuildingElements>
  <BuildingElements>
    <Name>W25-frame</Name>
    <GUID>{7379EC3B-1DFE-42DB-91CC-E4AB62FDF9EC}</GUID>
    <Type>Windows</Type>
    <Area>0.35</Area>
    <UValue>2.20739</UValue>
  </BuildingElements>
  <BuildingElements>
    <Name>W26+-pane</Name>
    <GUID>{C4FEB67F-C5A2-47FD-AEF4-323390009CF1}</GUID>
    <Type>Windows</Type>
    <Area>0.396</Area>
    <UValue>1.17859173</UValue>
  </BuildingElements>
  <BuildingElements>
    <Name>W26+-frame</Name>
    <GUID>{781366CF-320F-442F-A08C-6EE82A337438}</GUID>
    <Type>Windows</Type>
    <Area>0.163</Area>
    <UValue>2.20739</UValue>
  </BuildingElements>
  <BuildingElements>
    <Name>W27-pane</Name>
    <GUID>{84FCA537-2344-41E8-9683-64423DF17AA4}</GUID>
    <Type>Windows</Type>
    <Area>0.32</Area>
    <UValue>1.17859173</UValue>
  </BuildingElements>
  <BuildingElements>
    <Name>W27-frame</Name>
    <GUID>{369843B4-DE4A-4BEA-BA39-176861D19894}</GUID>
    <Type>Windows</Type>
    <Area>0.19</Area>
    <UValue>2.20739</UValue>
  </BuildingElements>
  <BuildingElements>
    <Name>W28-pane</Name>
    <GUID>{4F126BE4-EA1E-47A1-B6FD-0E12962DDD6F}</GUID>
    <Type>Windows</Type>
    <Area>1.32</Area>
    <UValue>1.17859173</UValue>
  </BuildingElements>
  <BuildingElements>
    <Name>W28-frame</Name>
    <GUID>{286109D9-DBFC-4844-8CAC-5C125418489B}</GUID>
    <Type>Windows</Type>
    <Area>0.29</Area>
    <UValue>2.20739</UValue>
  </BuildingElements>
  <BuildingElements>
    <Name>W29+-pane</Name>
    <GUID>{5241250C-040C-43EB-AB50-DDA8D43995D1}</GUID>
    <Type>Windows</Type>
    <Area>0.18</Area>
    <UValue>1.17859173</UValue>
  </BuildingElements>
  <BuildingElements>
    <Name>W29+-frame</Name>
    <GUID>{3507E6BB-1B08-4C89-93A4-36F99C7E9852}</GUID>
    <Type>Windows</Type>
    <Area>0.1</Area>
    <UValue>2.20739</UValue>
  </BuildingElements>
  <BuildingElements>
    <Name>W30-pane</Name>
    <GUID>{2911E098-12F3-483C-A263-0A09DF3720D0}</GUID>
    <Type>Windows</Type>
    <Area>3.96</Area>
    <UValue>1.17859173</UValue>
  </BuildingElements>
  <BuildingElements>
    <Name>W30-frame</Name>
    <GUID>{CDCBFE1F-FAF1-4C95-8BA0-79BA292C6F51}</GUID>
    <Type>Windows</Type>
    <Area>0.41</Area>
    <UValue>2.20739</UValue>
  </BuildingElements>
  <BuildingElements>
    <Name>W31+-pane</Name>
    <GUID>{456C49F6-2F60-4B64-8896-CF6F0C5D2A04}</GUID>
    <Type>Windows</Type>
    <Area>0.54</Area>
    <UValue>1.17859173</UValue>
  </BuildingElements>
  <BuildingElements>
    <Name>W31+-frame</Name>
    <GUID>{5B3146C6-666B-472A-825E-04FF4A695DD8}</GUID>
    <Type>Windows</Type>
    <Area>0.22</Area>
    <UValue>2.20739</UValue>
  </BuildingElements>
  <BuildingElements>
    <Name>W32-pane</Name>
    <GUID>{ADCA4683-971D-4A38-BADC-1741FE243A8C}</GUID>
    <Type>Windows</Type>
    <Area>0.171</Area>
    <UValue>1.17859173</UValue>
  </BuildingElements>
  <BuildingElements>
    <Name>W32-frame</Name>
    <GUID>{4F1ACF3C-7AD9-46FC-A3B7-F3982C756AC7}</GUID>
    <Type>Windows</Type>
    <Area>0.119</Area>
    <UValue>2.20739</UValue>
  </BuildingElements>
  <BuildingElements>
    <Name>W33-pane</Name>
    <GUID>{D64148FC-5B36-49AA-8E6D-EFDAB10D69B2}</GUID>
    <Type>Windows</Type>
    <Area>1.71</Area>
    <UValue>1.17859173</UValue>
  </BuildingElements>
  <BuildingElements>
    <Name>W33-frame</Name>
    <GUID>{4AC1AAD1-D4B6-4A71-9CF3-203E13C09697}</GUID>
    <Type>Windows</Type>
    <Area>0.29</Area>
    <UValue>2.20739</UValue>
  </BuildingElements>
  <BuildingElements>
    <Name>W34-pane</Name>
    <GUID>{C6E2FB1A-2F0E-4FB7-B8FB-6847637A0150}</GUID>
    <Type>Windows</Type>
    <Area>0.27</Area>
    <UValue>1.17859173</UValue>
  </BuildingElements>
  <BuildingElements>
    <Name>W34-frame</Name>
    <GUID>{CA1F8948-4156-41F4-8215-50C66EE0D1DE}</GUID>
    <Type>Windows</Type>
    <Area>0.13</Area>
    <UValue>2.20739</UValue>
  </BuildingElements>
  <BuildingElements>
    <Name>W35a-pane</Name>
    <GUID>{9437230E-6B91-48DE-A360-A4C6F06EE5CA}</GUID>
    <Type>Windows</Type>
    <Area>1.495</Area>
    <UValue>1.17859173</UValue>
  </BuildingElements>
  <BuildingElements>
    <Name>W35a-frame</Name>
    <GUID>{921818FC-C331-4DF6-A8BC-64C90720D9D1}</GUID>
    <Type>Windows</Type>
    <Area>0.305</Area>
    <UValue>2.20739</UValue>
  </BuildingElements>
  <BuildingElements>
    <Name>W42+-pane</Name>
    <GUID>{A0E484E8-2598-451C-A8F0-0EC1DA03BAD3}</GUID>
    <Type>Windows</Type>
    <Area>3.016</Area>
    <UValue>1.17859173</UValue>
  </BuildingElements>
  <BuildingElements>
    <Name>W42+-frame</Name>
    <GUID>{F922FD4E-9BC9-4164-BBD4-AA7B0CAB0CBD}</GUID>
    <Type>Windows</Type>
    <Area>1.196</Area>
    <UValue>2.20739</UValue>
  </BuildingElements>
  <BuildingElements>
    <Name>W37-pane</Name>
    <GUID>{7C2A796F-7EF8-43F5-BAFB-ADC7DCFF6E64}</GUID>
    <Type>Windows</Type>
    <Area>0.114</Area>
    <UValue>1.17859173</UValue>
  </BuildingElements>
  <BuildingElements>
    <Name>W37-frame</Name>
    <GUID>{A3610CE3-B701-43B3-8FDB-77C66415B429}</GUID>
    <Type>Windows</Type>
    <Area>0.089</Area>
    <UValue>2.20739</UValue>
  </BuildingElements>
  <BuildingElements>
    <Name>W36-pane</Name>
    <GUID>{EAD1F60F-38AF-462A-A33C-9FF0E4ABA1D8}</GUID>
    <Type>Windows</Type>
    <Area>1.14</Area>
    <UValue>1.17859173</UValue>
  </BuildingElements>
  <BuildingElements>
    <Name>W36-frame</Name>
    <GUID>{50AC249F-D0B4-4C6A-9E07-89E9C94562E3}</GUID>
    <Type>Windows</Type>
    <Area>0.26</Area>
    <UValue>2.20739</UValue>
  </BuildingElements>
  <BuildingElements>
    <Name>W38-pane</Name>
    <GUID>{10F51A81-B75A-4401-AB85-FAA333B3E7D4}</GUID>
    <Type>Windows</Type>
    <Area>0.18</Area>
    <UValue>1.17859173</UValue>
  </BuildingElements>
  <BuildingElements>
    <Name>W38-frame</Name>
    <GUID>{DF94D7E5-0C51-4E5F-8EE1-678C950071FE}</GUID>
    <Type>Windows</Type>
    <Area>0.1</Area>
    <UValue>2.20739</UValue>
  </BuildingElements>
  <BuildingElements>
    <Name>W39-pane</Name>
    <GUID>{825899B8-60A6-4C3F-8CA6-7312DAECEB9B}</GUID>
    <Type>Windows</Type>
    <Area>0.209</Area>
    <UValue>1.17859173</UValue>
  </BuildingElements>
  <BuildingElements>
    <Name>W39-frame</Name>
    <GUID>{A58D9A97-469E-4EFC-8BA9-B31F5CD12096}</GUID>
    <Type>Windows</Type>
    <Area>0.139</Area>
    <UValue>2.20739</UValue>
  </BuildingElements>
  <BuildingElements>
    <Name>W40-pane</Name>
    <GUID>{095A8B84-6B1B-4DBB-B48B-4E0338B38BB9}</GUID>
    <Type>Windows</Type>
    <Area>2.09</Area>
    <UValue>1.17859173</UValue>
  </BuildingElements>
  <BuildingElements>
    <Name>W40-frame</Name>
    <GUID>{A730ED14-7CAB-445D-8E48-827CCDE18B96}</GUID>
    <Type>Windows</Type>
    <Area>0.31</Area>
    <UValue>2.20739</UValue>
  </BuildingElements>
  <BuildingElements>
    <Name>W41-pane</Name>
    <GUID>{1FEE2534-4FA3-4E5D-83CD-A7A8C25986F8}</GUID>
    <Type>Windows</Type>
    <Area>0.33</Area>
    <UValue>1.17859173</UValue>
  </BuildingElements>
  <BuildingElements>
    <Name>W41-frame</Name>
    <GUID>{566EAB61-5993-4FDD-A4DE-CEED56E8737B}</GUID>
    <Type>Windows</Type>
    <Area>0.15</Area>
    <UValue>2.20739</UValue>
  </BuildingElements>
  <BuildingElements>
    <Name>S43-pane</Name>
    <GUID>{95D2B82F-4E27-4762-A3B9-471EE484A754}</GUID>
    <Type>Windows</Type>
    <Area>1.26</Area>
    <UValue>1.17859173</UValue>
  </BuildingElements>
  <BuildingElements>
    <Name>S43-frame</Name>
    <GUID>{D3A41937-17A1-445F-939E-D5C24885D722}</GUID>
    <Type>Windows</Type>
    <Area>0.28</Area>
    <UValue>2.20739</UValue>
  </BuildingElements>
  <BuildingElements>
    <Name>S44+-pane</Name>
    <GUID>{3F242481-F7AB-422C-A4A5-7C347647404E}</GUID>
    <Type>Windows</Type>
    <Area>3.78</Area>
    <UValue>1.17859173</UValue>
  </BuildingElements>
  <BuildingElements>
    <Name>S44+-frame</Name>
    <GUID>{E477CEEE-6DF5-485F-A3AE-53D824026DF6}</GUID>
    <Type>Windows</Type>
    <Area>0.62</Area>
    <UValue>2.20739</UValue>
  </BuildingElements>
  <BuildingElements>
    <Name>S45-pane</Name>
    <GUID>{866C247B-C54F-497B-95EB-ECF88B569247}</GUID>
    <Type>Windows</Type>
    <Area>0.578</Area>
    <UValue>1.17859173</UValue>
  </BuildingElements>
  <BuildingElements>
    <Name>S45-frame</Name>
    <GUID>{C5B946CC-7227-463E-A78B-C12C75D0E416}</GUID>
    <Type>Windows</Type>
    <Area>0.214</Area>
    <UValue>2.20739</UValue>
  </BuildingElements>
  <BuildingElements>
    <Name>S46-pane</Name>
    <GUID>{AC2023AA-9D71-4215-97E3-7753273B6D57}</GUID>
    <Type>Windows</Type>
    <Area>0.1122</Area>
    <UValue>1.17859173</UValue>
  </BuildingElements>
  <BuildingElements>
    <Name>S46-frame</Name>
    <GUID>{63393075-E965-4B65-9B39-1208C42A8C1C}</GUID>
    <Type>Windows</Type>
    <Area>0.077</Area>
    <UValue>2.20739</UValue>
  </BuildingElements>
  <BuildingElements>
    <Name>S47-pane</Name>
    <GUID>{CB55ED7B-9DEA-4620-8C07-6E33D28D0DC8}</GUID>
    <Type>Windows</Type>
    <Area>1.53</Area>
    <UValue>1.17859173</UValue>
  </BuildingElements>
  <BuildingElements>
    <Name>S47-frame</Name>
    <GUID>{91F2D1DC-6CB3-48B2-A9CF-E983D6CA49B5}</GUID>
    <Type>Windows</Type>
    <Area>0.27</Area>
    <UValue>2.20739</UValue>
  </BuildingElements>
  <BuildingElements>
    <Name>S48-pane</Name>
    <GUID>{DECE4AA4-BEC5-4359-88A3-6032B1B11C2E}</GUID>
    <Type>Windows</Type>
    <Area>0.297</Area>
    <UValue>1.17859173</UValue>
  </BuildingElements>
  <BuildingElements>
    <Name>S48-frame</Name>
    <GUID>{7297349E-4ABD-4FEA-B080-7B87D4062CD1}</GUID>
    <Type>Windows</Type>
    <Area>0.133</Area>
    <UValue>2.20739</UValue>
  </BuildingElements>
  <BuildingElements>
    <Name>S49+-pane</Name>
    <GUID>{98AD6C75-833C-4C49-A9C2-65230CB4A83A}</GUID>
    <Type>Windows</Type>
    <Area>2.204</Area>
    <UValue>1.17859173</UValue>
  </BuildingElements>
  <BuildingElements>
    <Name>S49+-frame</Name>
    <GUID>{080B0438-D17E-459E-BE34-105BA0EEB602}</GUID>
    <Type>Windows</Type>
    <Area>0.916</Area>
    <UValue>2.20739</UValue>
  </BuildingElements>
  <BuildingElements>
    <Name>E Corridor W42-pane</Name>
    <GUID>{C7084249-4DE2-4EC8-81FB-1E761317C17C}</GUID>
    <Type>Windows</Type>
    <Area>0.3915</Area>
    <UValue>1.17859173</UValue>
  </BuildingElements>
  <BuildingElements>
    <Name>E Corridor W42-frame</Name>
    <GUID>{0EE91BAF-1EF2-415B-8318-20DE67E55BB8}</GUID>
    <Type>Windows</Type>
    <Area>0.174</Area>
    <UValue>2.20739</UValue>
  </BuildingElements>
  <BuildingElements>
    <Name>E4-pane</Name>
    <GUID>{BA3CBA79-C235-4D15-99E3-22C68EA2B2A6}</GUID>
    <Type>Windows</Type>
    <Area>0.54</Area>
    <UValue>1.17859173</UValue>
  </BuildingElements>
  <BuildingElements>
    <Name>E4-frame</Name>
    <GUID>{EB236675-9DCC-4C76-A29C-D0A20A3A94DD}</GUID>
    <Type>Windows</Type>
    <Area>0.196</Area>
    <UValue>2.20739</UValue>
  </BuildingElements>
  <BuildingElements>
    <Name>E5-pane</Name>
    <GUID>{6BE2F0DA-A5BB-4FF7-A48C-C188D2F10F45}</GUID>
    <Type>Windows</Type>
    <Area>0.6786</Area>
    <UValue>1.17859173</UValue>
  </BuildingElements>
  <BuildingElements>
    <Name>E5-frame</Name>
    <GUID>{95353CF2-E0A4-4B55-8E07-D463C7FA31B7}</GUID>
    <Type>Windows</Type>
    <Area>0.273</Area>
    <UValue>2.20739</UValue>
  </BuildingElements>
  <BuildingElements>
    <Name>E6-pane</Name>
    <GUID>{BD18AC02-A7EB-4651-BEBA-1CC003C0D473}</GUID>
    <Type>Windows</Type>
    <Area>0.665</Area>
    <UValue>1.17859173</UValue>
  </BuildingElements>
  <BuildingElements>
    <Name>E6-frame</Name>
    <GUID>{CD472A4D-BA96-417E-8CB0-1596EC4CCE1B}</GUID>
    <Type>Windows</Type>
    <Area>0.235</Area>
    <UValue>2.20739</UValue>
  </BuildingElements>
  <BuildingElements>
    <Name>E7-pane</Name>
    <GUID>{0858233D-6D2B-44DD-A33B-688FCBB8064F}</GUID>
    <Type>Windows</Type>
    <Area>1.3794</Area>
    <UValue>1.17859173</UValue>
  </BuildingElements>
  <BuildingElements>
    <Name>E7-frame</Name>
    <GUID>{AFF8087B-C284-4F52-9071-938912DC3FEB}</GUID>
    <Type>Windows</Type>
    <Area>0.2726</Area>
    <UValue>2.20739</UValue>
  </BuildingElements>
  <BuildingElements>
    <Name>E8a-pane</Name>
    <GUID>{7961D6F1-8E47-4C70-B0D2-241DD8F535DA}</GUID>
    <Type>Windows</Type>
    <Area>0.0936</Area>
    <UValue>1.17859173</UValue>
  </BuildingElements>
  <BuildingElements>
    <Name>E8a-frame</Name>
    <GUID>{6AD34AE7-FECD-4A5C-B3E4-B510CD7D2190}</GUID>
    <Type>Windows</Type>
    <Area>0.072</Area>
    <UValue>2.20739</UValue>
  </BuildingElements>
  <BuildingElements>
    <Name>E8b-pane</Name>
    <GUID>{2F7E3A28-684D-4078-9A4E-E0F8FCCEF965}</GUID>
    <Type>Windows</Type>
    <Area>0.0936</Area>
    <UValue>1.17859173</UValue>
  </BuildingElements>
  <BuildingElements>
    <Name>E8b-frame</Name>
    <GUID>{8D34E80E-B660-4B33-A4A6-2C367FE00013}</GUID>
    <Type>Windows</Type>
    <Area>0.072</Area>
    <UValue>2.20739</UValue>
  </BuildingElements>
  <BuildingElements>
    <Name>Copy of W HL-pane</Name>
    <GUID>{2098DCDE-A0CD-4E8D-BC50-731C3E9CE641}</GUID>
    <Type>Windows</Type>
    <Area>0.132</Area>
    <UValue>1.17859173</UValue>
  </BuildingElements>
  <BuildingElements>
    <Name>Copy of W HL-frame</Name>
    <GUID>{6F63EC8C-D0CD-4168-92DF-E6C4851651C7}</GUID>
    <Type>Windows</Type>
    <Area>0.092</Area>
    <UValue>4.51336527</UValue>
  </BuildingElements>
  <BuildingElements>
    <Name>External Wall-exposed</Name>
    <GUID>{204C96EC-8367-40DD-8C4D-C9064AA013CA}</GUID>
    <Type>Walls</Type>
    <Area>10.6790924</Area>
    <UValue>0.3003129</UValue>
  </BuildingElements>
  <BuildingElements>
    <Name>W42 HL+-pane</Name>
    <GUID>{B16D5891-BC84-457E-83BE-2C7FD3B9DA12}</GUID>
    <Type>Windows</Type>
    <Area>5.278</Area>
    <UValue>1.17859173</UValue>
  </BuildingElements>
  <BuildingElements>
    <Name>W42 HL+-frame</Name>
    <GUID>{CB6685D2-6DE3-457F-B184-E9D02FD9BF9F}</GUID>
    <Type>Windows</Type>
    <Area>2.093</Area>
    <UValue>4.51336527</UValue>
  </BuildingElements>
  <BuildingElements>
    <Name>RoofLight GAL 1-pane</Name>
    <GUID>{2804EE8E-9565-48C2-8009-71BB80EB93D2}</GUID>
    <Type>Windows</Type>
    <Area>3.24</Area>
    <UValue>1.17859173</UValue>
  </BuildingElements>
  <BuildingElements>
    <Name>RoofLight GAL 1-frame</Name>
    <GUID>{04541047-39C3-4CDC-A9D1-72D13EABD5AB}</GUID>
    <Type>Windows</Type>
    <Area>0.46</Area>
    <UValue>2.20739</UValue>
  </BuildingElements>
  <BuildingElements>
    <Name>Old Off Ground Floor</Name>
    <GUID>{CFF8E63A-3CDD-4775-9B24-14465FB7078C}</GUID>
    <Type>Floors</Type>
    <Area>971.3113</Area>
    <UValue>0.5444355</UValue>
  </BuildingElements>
  <BuildingElements>
    <Name>W HL+ 24h-pane</Name>
    <GUID>{86FB49C8-4836-429B-9DAE-7E32802677F8}</GUID>
    <Type>Windows</Type>
    <Area>16.5726032</Area>
    <UValue>1.17859173</UValue>
  </BuildingElements>
  <BuildingElements>
    <Name>W HL+ 24h-frame</Name>
    <GUID>{86E8CD36-2785-4A52-B40E-8E212432D403}</GUID>
    <Type>Windows</Type>
    <Area>9.517</Area>
    <UValue>4.51336527</UValue>
  </BuildingElements>
  <BuildingElements>
    <Name>W Big+ 24h-pane</Name>
    <GUID>{3C6502AB-B8BD-4512-8747-12D9017F8239}</GUID>
    <Type>Windows</Type>
    <Area>43.2564</Area>
    <UValue>1.17859173</UValue>
  </BuildingElements>
  <BuildingElements>
    <Name>W Big+ 24h-frame</Name>
    <GUID>{BC248F7A-25C0-4E84-AC2C-D0BD1F4FDF03}</GUID>
    <Type>Windows</Type>
    <Area>6.533999</Area>
    <UValue>4.51336527</UValue>
  </BuildingElements>
  <BuildingElements>
    <Name>Wall Plenum</Name>
    <GUID>{092CAD2A-4AE1-488F-A6F9-A4EE59E6CA69}</GUID>
    <Type>Walls</Type>
    <Area>11.9868746</Area>
    <UValue>0.22576867</UValue>
  </BuildingElements>
  <BuildingElements>
    <Name>Concrete-exposed</Name>
    <GUID>{51FFA0A7-E302-448C-AF36-237564A913BB}</GUID>
    <Type>Walls</Type>
    <Area>177.291519</Area>
    <UValue>0.8332182</UValue>
  </BuildingElements>
  <BuildingElements>
    <Name>Concrete/Overhang wood</Name>
    <GUID>{CB50BDE7-FF77-42BA-8CA6-3251A595DAB4}</GUID>
    <Type>Unassigned</Type>
    <Area>10.1269455</Area>
    <UValue>0</UValue>
  </BuildingElements>
  <BuildingElements>
    <Name>External Wall/Overhang wood</Name>
    <GUID>{8E05A549-B994-4284-A297-2BCF5955ED16}</GUID>
    <Type>Unassigned</Type>
    <Area>0.293236822</Area>
    <UValue>0</UValue>
  </BuildingElements>
  <BuildingElements>
    <Name>Ground Floor Plenum</Name>
    <GUID>{FA7AB814-2C0E-47AD-A681-E22FDF230DEF}</GUID>
    <Type>Floors</Type>
    <Area>211.256119</Area>
    <UValue>0.1963533</UValue>
  </BuildingElements>
  <BuildingElements>
    <Name>Ground Floor New Office</Name>
    <GUID>{1CDBA3F9-78AD-4FC5-AB62-C7A883886E03}</GUID>
    <Type>Floors</Type>
    <Area>439.506653</Area>
    <UValue>0.195968524</UValue>
  </BuildingElements>
  <BuildingElements>
    <Name>Floor above plenum/Plenum Ceiling</Name>
    <GUID>{8C2884CA-C82F-4340-988E-201D6E8AF174}</GUID>
    <Type>InternalFloors</Type>
    <Area>392.824738</Area>
    <UValue>1.93432522</UValue>
  </BuildingElements>
  <BuildingElements>
    <Name>Atrium day-pane</Name>
    <GUID>{F9AE8E40-6F5C-47D9-B89A-7ACF4BC37BC3}</GUID>
    <Type>Windows</Type>
    <Area>9.408</Area>
    <UValue>1.17859173</UValue>
  </BuildingElements>
  <BuildingElements>
    <Name>Atrium day-frame</Name>
    <GUID>{904B48B0-A75A-413D-B8F0-443CEC49A29D}</GUID>
    <Type>Windows</Type>
    <Area>2.192</Area>
    <UValue>4.51336527</UValue>
  </BuildingElements>
  <BuildingElements>
    <Name>Door+ 24h-pane</Name>
    <GUID>{95261C6C-DC27-4309-ADCE-E6F2287F7060}</GUID>
    <Type>Unassigned</Type>
    <Area>14.238</Area>
    <UValue>0</UValue>
  </BuildingElements>
  <BuildingElements>
    <Name>Door+ 24h-frame</Name>
    <GUID>{CA20A0DF-DE3D-48E2-B69D-E16A56379E07}</GUID>
    <Type>Unassigned</Type>
    <Area>1.99799991</Area>
    <UValue>0</UValue>
  </BuildingElements>
  <BuildingElements>
    <Name>Plenum Ceiling</Name>
    <GUID>{6785CC67-762E-41E7-928E-380F9BEE5865}</GUID>
    <Type>InternalFloors</Type>
    <Area>7.272723</Area>
    <UValue>1.93432522</UValue>
  </BuildingElements>
  <BuildingElements>
    <Name>RoofLight GAL 2-pane</Name>
    <GUID>{A80D2D04-1D47-4BDE-89D1-488D1A4A260A}</GUID>
    <Type>Windows</Type>
    <Area>10.71</Area>
    <UValue>1.17859173</UValue>
  </BuildingElements>
  <BuildingElements>
    <Name>RoofLight GAL 2-frame</Name>
    <GUID>{34CA275C-A7AB-40C8-B402-F2296C95CB51}</GUID>
    <Type>Windows</Type>
    <Area>1.29</Area>
    <UValue>2.20739</UValue>
  </BuildingElements>
  <BuildingElements>
    <Name>RoofLight GAL 3-pane</Name>
    <GUID>{697219A4-D04A-4936-81F0-AE7FDA4D43AE}</GUID>
    <Type>Windows</Type>
    <Area>4.86</Area>
    <UValue>1.17859173</UValue>
  </BuildingElements>
  <BuildingElements>
    <Name>RoofLight GAL 3-frame</Name>
    <GUID>{B8247A09-EF80-4946-99CA-8D173554E8B3}</GUID>
    <Type>Windows</Type>
    <Area>0.64</Area>
    <UValue>2.20739</UValue>
  </BuildingElements>
  <BuildingElements>
    <Name>Huge3-pane</Name>
    <GUID>{9EC9FA4E-F548-4F7F-92DD-03CFF10220B0}</GUID>
    <Type>Unassigned</Type>
    <Area>27.5</Area>
    <UValue>0</UValue>
  </BuildingElements>
  <BuildingElements>
    <Name>Huge3-frame</Name>
    <GUID>{D458CD3E-6BAF-4212-A257-DD80E5CBCBA6}</GUID>
    <Type>Unassigned</Type>
    <Area>0</Area>
    <UValue>0</UValue>
  </BuildingElements>
  <BuildingElements>
    <Name>Huge1-pane</Name>
    <GUID>{AE9718EF-504B-4E0D-9931-F5901036843A}</GUID>
    <Type>Unassigned</Type>
    <Area>23.75</Area>
    <UValue>0</UValue>
  </BuildingElements>
  <BuildingElements>
    <Name>Huge1-frame</Name>
    <GUID>{5A3E289C-C4E2-437D-A948-0669735FBAED}</GUID>
    <Type>Unassigned</Type>
    <Area>0</Area>
    <UValue>0</UValue>
  </BuildingElements>
  <BuildingElements>
    <Name>W Big+day-pane</Name>
    <GUID>{13E616E1-0D28-4DD0-91A3-5FC31B30B4DD}</GUID>
    <Type>Windows</Type>
    <Area>7.8648</Area>
    <UValue>1.17859173</UValue>
  </BuildingElements>
  <BuildingElements>
    <Name>W Big+day-frame</Name>
    <GUID>{A7CF120A-4F17-4CF4-BD32-A09304D48020}</GUID>
    <Type>Windows</Type>
    <Area>1.188</Area>
    <UValue>4.51336527</UValue>
  </BuildingElements>
  <BuildingElements>
    <Name>W HL+day-pane</Name>
    <GUID>{26CD08B4-A3A6-4F57-AA86-8296A28BDF74}</GUID>
    <Type>Windows</Type>
    <Area>17.1072</Area>
    <UValue>1.17859173</UValue>
  </BuildingElements>
  <BuildingElements>
    <Name>W HL+day-frame</Name>
    <GUID>{9204A000-FECE-458D-8E54-475ED242D32F}</GUID>
    <Type>Windows</Type>
    <Area>9.823999</Area>
    <UValue>4.51336527</UValue>
  </BuildingElements>
  <ZoneGroups>
    <Name>Comfort Cooling IT room</Name>
    <Type>FullyAirConditioned</Type>
    <FreshAirTreatment>NoCO2Sensor</FreshAirTreatment>
  </ZoneGroups>
  <ZoneGroups>
    <Name>All</Name>
    <Type>Unassigned</Type>
    <FreshAirTreatment>NoFreshAir</FreshAirTreatment>
  </ZoneGroups>
  <ZoneGroups>
    <Name>22 degC</Name>
    <Type>Unassigned</Type>
    <FreshAirTreatment>NoFreshAir</FreshAirTreatment>
  </ZoneGroups>
  <ZoneGroups>
    <Name>20 degC</Name>
    <Type>Unassigned</Type>
    <FreshAirTreatment>NoFreshAir</FreshAirTreatment>
  </ZoneGroups>
  <ZoneGroups>
    <Name>12 degC</Name>
    <Type>Unassigned</Type>
    <FreshAirTreatment>NoFreshAir</FreshAirTreatment>
  </ZoneGroups>
  <ZoneGroups>
    <Name>L-Nat Vent</Name>
    <Type>NaturallyVentilated</Type>
    <FreshAirTreatment>NoCO2Sensor</FreshAirTreatment>
  </ZoneGroups>
  <ZoneGroups>
    <Name>L-Extract Only</Name>
    <Type>ExtractOnly</Type>
    <FreshAirTreatment>UnconditionedFreshAir</FreshAirTreatment>
  </ZoneGroups>
  <ZoneGroups>
    <Name>L-Cooling</Name>
    <Type>FullyAirConditioned</Type>
    <FreshAirTreatment>NoCO2Sensor</FreshAirTreatment>
  </ZoneGroups>
  <ZoneGroups>
    <Name>L-UU</Name>
    <Type>UnoccupiedUnheated</Type>
    <FreshAirTreatment>NoFreshAir</FreshAirTreatment>
  </ZoneGroups>
  <ZoneGroups>
    <Name>Displacement</Name>
    <Type>Unassigned</Type>
    <FreshAirTreatment>NoFreshAir</FreshAirTreatment>
  </ZoneGroups>
  <ZoneGroups>
    <Name>Office Space</Name>
    <Type>Unassigned</Type>
    <FreshAirTreatment>NoFreshAir</FreshAirTreatment>
  </ZoneGroups>
  <ZoneGroups>
    <Name>Dir</Name>
    <Type>Unassigned</Type>
    <FreshAirTreatment>NoFreshAir</FreshAirTreatment>
  </ZoneGroups>
  <ZoneGroups>
    <Name>Meetings</Name>
    <Type>Unassigned</Type>
    <FreshAirTreatment>NoFreshAir</FreshAirTreatment>
  </ZoneGroups>
  <ZoneGroups>
    <Name>Toilet</Name>
    <Type>Unassigned</Type>
    <FreshAirTreatment>NoFreshAir</FreshAirTreatment>
  </ZoneGroups>
  <ZoneGroups>
    <Name>Unoccupied</Name>
    <Type>Unassigned</Type>
    <FreshAirTreatment>NoFreshAir</FreshAirTreatment>
  </ZoneGroups>
  <ZoneGroups>
    <Name>Circ</Name>
    <Type>Unassigned</Type>
    <FreshAirTreatment>NoFreshAir</FreshAirTreatment>
  </ZoneGroups>
  <ZoneGroups>
    <Name>Reception</Name>
    <Type>Unassigned</Type>
    <FreshAirTreatment>NoFreshAir</FreshAirTreatment>
  </ZoneGroups>
  <ZoneGroups>
    <Name>Kitchen</Name>
    <Type>Unassigned</Type>
    <FreshAirTreatment>NoFreshAir</FreshAirTreatment>
  </ZoneGroups>
  <ZoneGroups>
    <Name>Atrium</Name>
    <Type>Unassigned</Type>
    <FreshAirTreatment>NoFreshAir</FreshAirTreatment>
  </ZoneGroups>
  <ZoneGroups>
    <Name>Drafl Lobby</Name>
    <Type>Unassigned</Type>
    <FreshAirTreatment>NoFreshAir</FreshAirTreatment>
  </ZoneGroups>
  <Zones>
    <Name>Dir5</Name>
    <GUID>{23448988-2D08-4F9B-85C1-522F039C30E2}</GUID>
    <Type>NaturallyVentilated</Type>
    <APD>None</APD>
    <DaylightControl>ManualDaylightControl</DaylightControl>
    <bOfficeStorageSpace>true</bOfficeStorageSpace>
    <bCorridorCirculationArea>false</bCorridorCirculationArea>
    <bUserDaylightFactor>false</bUserDaylightFactor>
    <UserDaylightFactor>0</UserDaylightFactor>
    <DesignDaylightFactor>0</DesignDaylightFactor>
    <NotionalDaylightFactor>2.10191774</NotionalDaylightFactor>
    <TypicalDaylightFactor>0</TypicalDaylightFactor>
    <LightingEfficiency>3.75</LightingEfficiency>
    <MinPercentofMax>0</MinPercentofMax>
    <TargetRoomIlluminance>500</TargetRoomIlluminance>
    <ParasiticPower>0.3</ParasiticPower>
    <PhotoCellSensor>true</PhotoCellSensor>
    <DisplayLighting>0</DisplayLighting>
    <MLCAreaCutOff>30</MLCAreaCutOff>
    <FreshAirTreatment>NoCO2Sensor</FreshAirTreatment>
    <bLampTypeCom>true</bLampTypeCom>
    <LampType>UserDefined</LampType>
    <bExternal>false</bExternal>
  </Zones>
  <Zones>
    <Name>1.1 S-W </Name>
    <GUID>{3F19001E-6FEC-4222-8307-E23DC7F8FC00}</GUID>
    <Type>NaturallyVentilated</Type>
    <APD>None</APD>
    <DaylightControl>PhotocellControlDimming</DaylightControl>
    <bOfficeStorageSpace>true</bOfficeStorageSpace>
    <bCorridorCirculationArea>false</bCorridorCirculationArea>
    <bUserDaylightFactor>true</bUserDaylightFactor>
    <UserDaylightFactor>3.8</UserDaylightFactor>
    <DesignDaylightFactor>1.96314371</DesignDaylightFactor>
    <NotionalDaylightFactor>6.14598</NotionalDaylightFactor>
    <TypicalDaylightFactor>0</TypicalDaylightFactor>
    <LightingEfficiency>3.75</LightingEfficiency>
    <MinPercentofMax>0</MinPercentofMax>
    <TargetRoomIlluminance>500</TargetRoomIlluminance>
    <ParasiticPower>0.1</ParasiticPower>
    <PhotoCellSensor>true</PhotoCellSensor>
    <DisplayLighting>0</DisplayLighting>
    <MLCAreaCutOff>30</MLCAreaCutOff>
    <FreshAirTreatment>NoCO2Sensor</FreshAirTreatment>
    <bLampTypeCom>true</bLampTypeCom>
    <LampType>UserDefined</LampType>
    <bExternal>false</bExternal>
  </Zones>
  <Zones>
    <Name>1.5 S </Name>
    <GUID>{45FC5527-63DD-43CA-ACE4-60A6BCBA8E92}</GUID>
    <Type>NaturallyVentilated</Type>
    <APD>None</APD>
    <DaylightControl>PhotocellControlDimming</DaylightControl>
    <bOfficeStorageSpace>true</bOfficeStorageSpace>
    <bCorridorCirculationArea>false</bCorridorCirculationArea>
    <bUserDaylightFactor>true</bUserDaylightFactor>
    <UserDaylightFactor>3.8</UserDaylightFactor>
    <DesignDaylightFactor>1.34538162</DesignDaylightFactor>
    <NotionalDaylightFactor>5.24010849</NotionalDaylightFactor>
    <TypicalDaylightFactor>0</TypicalDaylightFactor>
    <LightingEfficiency>3.75</LightingEfficiency>
    <MinPercentofMax>0</MinPercentofMax>
    <TargetRoomIlluminance>500</TargetRoomIlluminance>
    <ParasiticPower>0.1</ParasiticPower>
    <PhotoCellSensor>true</PhotoCellSensor>
    <DisplayLighting>0</DisplayLighting>
    <MLCAreaCutOff>30</MLCAreaCutOff>
    <FreshAirTreatment>NoCO2Sensor</FreshAirTreatment>
    <bLampTypeCom>true</bLampTypeCom>
    <LampType>UserDefined</LampType>
    <bExternal>false</bExternal>
  </Zones>
  <Zones>
    <Name>1.2 S-E </Name>
    <GUID>{F885E031-387F-4D5A-93FC-47C1B5640C97}</GUID>
    <Type>NaturallyVentilated</Type>
    <APD>None</APD>
    <DaylightControl>PhotocellControlDimming</DaylightControl>
    <bOfficeStorageSpace>true</bOfficeStorageSpace>
    <bCorridorCirculationArea>false</bCorridorCirculationArea>
    <bUserDaylightFactor>true</bUserDaylightFactor>
    <UserDaylightFactor>3.8</UserDaylightFactor>
    <DesignDaylightFactor>1.63547218</DesignDaylightFactor>
    <NotionalDaylightFactor>5.701852</NotionalDaylightFactor>
    <TypicalDaylightFactor>0</TypicalDaylightFactor>
    <LightingEfficiency>3.75</LightingEfficiency>
    <MinPercentofMax>0</MinPercentofMax>
    <TargetRoomIlluminance>500</TargetRoomIlluminance>
    <ParasiticPower>0.1</ParasiticPower>
    <PhotoCellSensor>true</PhotoCellSensor>
    <DisplayLighting>0</DisplayLighting>
    <MLCAreaCutOff>30</MLCAreaCutOff>
    <FreshAirTreatment>NoCO2Sensor</FreshAirTreatment>
    <bLampTypeCom>true</bLampTypeCom>
    <LampType>UserDefined</LampType>
    <bExternal>false</bExternal>
  </Zones>
  <Zones>
    <Name>1.8 W </Name>
    <GUID>{25DF38D9-08BC-452F-9F0A-D9EEC06EDC0C}</GUID>
    <Type>NaturallyVentilated</Type>
    <APD>None</APD>
    <DaylightControl>PhotocellControlDimming</DaylightControl>
    <bOfficeStorageSpace>true</bOfficeStorageSpace>
    <bCorridorCirculationArea>false</bCorridorCirculationArea>
    <bUserDaylightFactor>true</bUserDaylightFactor>
    <UserDaylightFactor>3.8</UserDaylightFactor>
    <DesignDaylightFactor>1.34417689</DesignDaylightFactor>
    <NotionalDaylightFactor>5.235417</NotionalDaylightFactor>
    <TypicalDaylightFactor>0</TypicalDaylightFactor>
    <LightingEfficiency>3.75</LightingEfficiency>
    <MinPercentofMax>0</MinPercentofMax>
    <TargetRoomIlluminance>500</TargetRoomIlluminance>
    <ParasiticPower>0.1</ParasiticPower>
    <PhotoCellSensor>true</PhotoCellSensor>
    <DisplayLighting>0</DisplayLighting>
    <MLCAreaCutOff>30</MLCAreaCutOff>
    <FreshAirTreatment>NoCO2Sensor</FreshAirTreatment>
    <bLampTypeCom>true</bLampTypeCom>
    <LampType>UserDefined</LampType>
    <bExternal>false</bExternal>
  </Zones>
  <Zones>
    <Name>1.6 Ctr </Name>
    <GUID>{D2AE2C56-DD4C-4403-BD5B-E95787618A7D}</GUID>
    <Type>NaturallyVentilated</Type>
    <APD>None</APD>
    <DaylightControl>PhotocellControlDimming</DaylightControl>
    <bOfficeStorageSpace>true</bOfficeStorageSpace>
    <bCorridorCirculationArea>false</bCorridorCirculationArea>
    <bUserDaylightFactor>true</bUserDaylightFactor>
    <UserDaylightFactor>3.8</UserDaylightFactor>
    <DesignDaylightFactor>0</DesignDaylightFactor>
    <NotionalDaylightFactor>0</NotionalDaylightFactor>
    <TypicalDaylightFactor>0</TypicalDaylightFactor>
    <LightingEfficiency>3.75</LightingEfficiency>
    <MinPercentofMax>0</MinPercentofMax>
    <TargetRoomIlluminance>500</TargetRoomIlluminance>
    <ParasiticPower>0.1</ParasiticPower>
    <PhotoCellSensor>true</PhotoCellSensor>
    <DisplayLighting>0</DisplayLighting>
    <MLCAreaCutOff>30</MLCAreaCutOff>
    <FreshAirTreatment>NoCO2Sensor</FreshAirTreatment>
    <bLampTypeCom>true</bLampTypeCom>
    <LampType>UserDefined</LampType>
    <bExternal>false</bExternal>
  </Zones>
  <Zones>
    <Name>1.9 E </Name>
    <GUID>{2844335C-DF41-45C3-B41E-2393A7D2695A}</GUID>
    <Type>NaturallyVentilated</Type>
    <APD>None</APD>
    <DaylightControl>PhotocellControlDimming</DaylightControl>
    <bOfficeStorageSpace>true</bOfficeStorageSpace>
    <bCorridorCirculationArea>false</bCorridorCirculationArea>
    <bUserDaylightFactor>true</bUserDaylightFactor>
    <UserDaylightFactor>3.8</UserDaylightFactor>
    <DesignDaylightFactor>0</DesignDaylightFactor>
    <NotionalDaylightFactor>3.4103446</NotionalDaylightFactor>
    <TypicalDaylightFactor>0</TypicalDaylightFactor>
    <LightingEfficiency>3.75</LightingEfficiency>
    <MinPercentofMax>0</MinPercentofMax>
    <TargetRoomIlluminance>500</TargetRoomIlluminance>
    <ParasiticPower>0.1</ParasiticPower>
    <PhotoCellSensor>true</PhotoCellSensor>
    <DisplayLighting>0</DisplayLighting>
    <MLCAreaCutOff>30</MLCAreaCutOff>
    <FreshAirTreatment>NoCO2Sensor</FreshAirTreatment>
    <bLampTypeCom>true</bLampTypeCom>
    <LampType>UserDefined</LampType>
    <bExternal>false</bExternal>
  </Zones>
  <Zones>
    <Name>1.3 N-W </Name>
    <GUID>{FAE41261-D2B9-4860-A9FB-6A9968002332}</GUID>
    <Type>NaturallyVentilated</Type>
    <APD>None</APD>
    <DaylightControl>PhotocellControlDimming</DaylightControl>
    <bOfficeStorageSpace>true</bOfficeStorageSpace>
    <bCorridorCirculationArea>false</bCorridorCirculationArea>
    <bUserDaylightFactor>true</bUserDaylightFactor>
    <UserDaylightFactor>3.8</UserDaylightFactor>
    <DesignDaylightFactor>1.98063135</DesignDaylightFactor>
    <NotionalDaylightFactor>6.148211</NotionalDaylightFactor>
    <TypicalDaylightFactor>0</TypicalDaylightFactor>
    <LightingEfficiency>3.75</LightingEfficiency>
    <MinPercentofMax>0</MinPercentofMax>
    <TargetRoomIlluminance>500</TargetRoomIlluminance>
    <ParasiticPower>0.1</ParasiticPower>
    <PhotoCellSensor>true</PhotoCellSensor>
    <DisplayLighting>0</DisplayLighting>
    <MLCAreaCutOff>30</MLCAreaCutOff>
    <FreshAirTreatment>NoCO2Sensor</FreshAirTreatment>
    <bLampTypeCom>true</bLampTypeCom>
    <LampType>UserDefined</LampType>
    <bExternal>false</bExternal>
  </Zones>
  <Zones>
    <Name>1.7 N </Name>
    <GUID>{A2084803-E9B5-435B-8B13-D4DFD15EB914}</GUID>
    <Type>NaturallyVentilated</Type>
    <APD>None</APD>
    <DaylightControl>PhotocellControlDimming</DaylightControl>
    <bOfficeStorageSpace>true</bOfficeStorageSpace>
    <bCorridorCirculationArea>false</bCorridorCirculationArea>
    <bUserDaylightFactor>true</bUserDaylightFactor>
    <UserDaylightFactor>3.8</UserDaylightFactor>
    <DesignDaylightFactor>1.23871839</DesignDaylightFactor>
    <NotionalDaylightFactor>5.25587</NotionalDaylightFactor>
    <TypicalDaylightFactor>0</TypicalDaylightFactor>
    <LightingEfficiency>3.75</LightingEfficiency>
    <MinPercentofMax>0</MinPercentofMax>
    <TargetRoomIlluminance>500</TargetRoomIlluminance>
    <ParasiticPower>0.1</ParasiticPower>
    <PhotoCellSensor>true</PhotoCellSensor>
    <DisplayLighting>0</DisplayLighting>
    <MLCAreaCutOff>30</MLCAreaCutOff>
    <FreshAirTreatment>NoCO2Sensor</FreshAirTreatment>
    <bLampTypeCom>true</bLampTypeCom>
    <LampType>UserDefined</LampType>
    <bExternal>false</bExternal>
  </Zones>
  <Zones>
    <Name>1.4 N-E</Name>
    <GUID>{85E812EA-BE5E-4265-BD1F-BB187BA90301}</GUID>
    <Type>NaturallyVentilated</Type>
    <APD>None</APD>
    <DaylightControl>PhotocellControlDimming</DaylightControl>
    <bOfficeStorageSpace>true</bOfficeStorageSpace>
    <bCorridorCirculationArea>false</bCorridorCirculationArea>
    <bUserDaylightFactor>true</bUserDaylightFactor>
    <UserDaylightFactor>3.8</UserDaylightFactor>
    <DesignDaylightFactor>1.03611636</DesignDaylightFactor>
    <NotionalDaylightFactor>4.937922</NotionalDaylightFactor>
    <TypicalDaylightFactor>0</TypicalDaylightFactor>
    <LightingEfficiency>3.75</LightingEfficiency>
    <MinPercentofMax>0</MinPercentofMax>
    <TargetRoomIlluminance>500</TargetRoomIlluminance>
    <ParasiticPower>0.1</ParasiticPower>
    <PhotoCellSensor>true</PhotoCellSensor>
    <DisplayLighting>0</DisplayLighting>
    <MLCAreaCutOff>30</MLCAreaCutOff>
    <FreshAirTreatment>NoCO2Sensor</FreshAirTreatment>
    <bLampTypeCom>true</bLampTypeCom>
    <LampType>UserDefined</LampType>
    <bExternal>false</bExternal>
  </Zones>
  <Zones>
    <Name>S1 </Name>
    <GUID>{70B2E099-F76D-46A0-89CF-D8FD20BDB4AA}</GUID>
    <Type>NaturallyVentilated</Type>
    <APD>None</APD>
    <DaylightControl>PhotocellControlDimming</DaylightControl>
    <bOfficeStorageSpace>true</bOfficeStorageSpace>
    <bCorridorCirculationArea>false</bCorridorCirculationArea>
    <bUserDaylightFactor>true</bUserDaylightFactor>
    <UserDaylightFactor>3.8</UserDaylightFactor>
    <DesignDaylightFactor>0</DesignDaylightFactor>
    <NotionalDaylightFactor>2.319112</NotionalDaylightFactor>
    <TypicalDaylightFactor>0</TypicalDaylightFactor>
    <LightingEfficiency>3.75</LightingEfficiency>
    <MinPercentofMax>0</MinPercentofMax>
    <TargetRoomIlluminance>500</TargetRoomIlluminance>
    <ParasiticPower>0.1</ParasiticPower>
    <PhotoCellSensor>true</PhotoCellSensor>
    <DisplayLighting>0</DisplayLighting>
    <MLCAreaCutOff>30</MLCAreaCutOff>
    <FreshAirTreatment>NoCO2Sensor</FreshAirTreatment>
    <bLampTypeCom>true</bLampTypeCom>
    <LampType>UserDefined</LampType>
    <bExternal>false</bExternal>
  </Zones>
  <Zones>
    <Name>W1 </Name>
    <GUID>{6744638E-5AFB-49B9-B825-266BBE75EA74}</GUID>
    <Type>NaturallyVentilated</Type>
    <APD>None</APD>
    <DaylightControl>PhotocellControlDimming</DaylightControl>
    <bOfficeStorageSpace>true</bOfficeStorageSpace>
    <bCorridorCirculationArea>false</bCorridorCirculationArea>
    <bUserDaylightFactor>true</bUserDaylightFactor>
    <UserDaylightFactor>3.8</UserDaylightFactor>
    <DesignDaylightFactor>0</DesignDaylightFactor>
    <NotionalDaylightFactor>2.77713728</NotionalDaylightFactor>
    <TypicalDaylightFactor>0</TypicalDaylightFactor>
    <LightingEfficiency>3.75</LightingEfficiency>
    <MinPercentofMax>0</MinPercentofMax>
    <TargetRoomIlluminance>500</TargetRoomIlluminance>
    <ParasiticPower>0.1</ParasiticPower>
    <PhotoCellSensor>true</PhotoCellSensor>
    <DisplayLighting>0</DisplayLighting>
    <MLCAreaCutOff>30</MLCAreaCutOff>
    <FreshAirTreatment>NoCO2Sensor</FreshAirTreatment>
    <bLampTypeCom>true</bLampTypeCom>
    <LampType>UserDefined</LampType>
    <bExternal>false</bExternal>
  </Zones>
  <Zones>
    <Name>E1 </Name>
    <GUID>{9875F54F-18A4-4A1B-A0BE-0107D0BDC514}</GUID>
    <Type>NaturallyVentilated</Type>
    <APD>None</APD>
    <DaylightControl>PhotocellControlDimming</DaylightControl>
    <bOfficeStorageSpace>true</bOfficeStorageSpace>
    <bCorridorCirculationArea>false</bCorridorCirculationArea>
    <bUserDaylightFactor>true</bUserDaylightFactor>
    <UserDaylightFactor>3.8</UserDaylightFactor>
    <DesignDaylightFactor>0</DesignDaylightFactor>
    <NotionalDaylightFactor>2.82882547</NotionalDaylightFactor>
    <TypicalDaylightFactor>0</TypicalDaylightFactor>
    <LightingEfficiency>3.75</LightingEfficiency>
    <MinPercentofMax>0</MinPercentofMax>
    <TargetRoomIlluminance>500</TargetRoomIlluminance>
    <ParasiticPower>0.1</ParasiticPower>
    <PhotoCellSensor>true</PhotoCellSensor>
    <DisplayLighting>0</DisplayLighting>
    <MLCAreaCutOff>30</MLCAreaCutOff>
    <FreshAirTreatment>NoCO2Sensor</FreshAirTreatment>
    <bLampTypeCom>true</bLampTypeCom>
    <LampType>UserDefined</LampType>
    <bExternal>false</bExternal>
  </Zones>
  <Zones>
    <Name>N1 </Name>
    <GUID>{E91AC1F5-589A-4D2F-8B7F-65B48D8C6B75}</GUID>
    <Type>NaturallyVentilated</Type>
    <APD>None</APD>
    <DaylightControl>PhotocellControlDimming</DaylightControl>
    <bOfficeStorageSpace>true</bOfficeStorageSpace>
    <bCorridorCirculationArea>false</bCorridorCirculationArea>
    <bUserDaylightFactor>true</bUserDaylightFactor>
    <UserDaylightFactor>3.8</UserDaylightFactor>
    <DesignDaylightFactor>0</DesignDaylightFactor>
    <NotionalDaylightFactor>2.83774781</NotionalDaylightFactor>
    <TypicalDaylightFactor>0</TypicalDaylightFactor>
    <LightingEfficiency>3.75</LightingEfficiency>
    <MinPercentofMax>0</MinPercentofMax>
    <TargetRoomIlluminance>500</TargetRoomIlluminance>
    <ParasiticPower>0.1</ParasiticPower>
    <PhotoCellSensor>true</PhotoCellSensor>
    <DisplayLighting>0</DisplayLighting>
    <MLCAreaCutOff>30</MLCAreaCutOff>
    <FreshAirTreatment>NoCO2Sensor</FreshAirTreatment>
    <bLampTypeCom>true</bLampTypeCom>
    <LampType>UserDefined</LampType>
    <bExternal>false</bExternal>
  </Zones>
  <Zones>
    <Name>Dir1</Name>
    <GUID>{3A9C99CC-E8D8-4828-8CB1-A6AFB3C9B448}</GUID>
    <Type>NaturallyVentilated</Type>
    <APD>None</APD>
    <DaylightControl>ManualDaylightControl</DaylightControl>
    <bOfficeStorageSpace>true</bOfficeStorageSpace>
    <bCorridorCirculationArea>false</bCorridorCirculationArea>
    <bUserDaylightFactor>false</bUserDaylightFactor>
    <UserDaylightFactor>0</UserDaylightFactor>
    <DesignDaylightFactor>0</DesignDaylightFactor>
    <NotionalDaylightFactor>2.030214</NotionalDaylightFactor>
    <TypicalDaylightFactor>0</TypicalDaylightFactor>
    <LightingEfficiency>3.75</LightingEfficiency>
    <MinPercentofMax>0</MinPercentofMax>
    <TargetRoomIlluminance>500</TargetRoomIlluminance>
    <ParasiticPower>0.3</ParasiticPower>
    <PhotoCellSensor>true</PhotoCellSensor>
    <DisplayLighting>0</DisplayLighting>
    <MLCAreaCutOff>30</MLCAreaCutOff>
    <FreshAirTreatment>NoCO2Sensor</FreshAirTreatment>
    <bLampTypeCom>true</bLampTypeCom>
    <LampType>UserDefined</LampType>
    <bExternal>false</bExternal>
  </Zones>
  <Zones>
    <Name>Dir2</Name>
    <GUID>{DDDD09AF-884B-4CDC-8037-47E4CA0D9F9A}</GUID>
    <Type>NaturallyVentilated</Type>
    <APD>None</APD>
    <DaylightControl>ManualDaylightControl</DaylightControl>
    <bOfficeStorageSpace>true</bOfficeStorageSpace>
    <bCorridorCirculationArea>false</bCorridorCirculationArea>
    <bUserDaylightFactor>false</bUserDaylightFactor>
    <UserDaylightFactor>0</UserDaylightFactor>
    <DesignDaylightFactor>0</DesignDaylightFactor>
    <NotionalDaylightFactor>1.93355632</NotionalDaylightFactor>
    <TypicalDaylightFactor>0</TypicalDaylightFactor>
    <LightingEfficiency>3.75</LightingEfficiency>
    <MinPercentofMax>0</MinPercentofMax>
    <TargetRoomIlluminance>500</TargetRoomIlluminance>
    <ParasiticPower>0.3</ParasiticPower>
    <PhotoCellSensor>true</PhotoCellSensor>
    <DisplayLighting>0</DisplayLighting>
    <MLCAreaCutOff>30</MLCAreaCutOff>
    <FreshAirTreatment>NoCO2Sensor</FreshAirTreatment>
    <bLampTypeCom>true</bLampTypeCom>
    <LampType>UserDefined</LampType>
    <bExternal>false</bExternal>
  </Zones>
  <Zones>
    <Name>Dir3</Name>
    <GUID>{E13FABBF-2EE8-4F1A-AA7D-0DA8533FFBE7}</GUID>
    <Type>NaturallyVentilated</Type>
    <APD>None</APD>
    <DaylightControl>ManualDaylightControl</DaylightControl>
    <bOfficeStorageSpace>true</bOfficeStorageSpace>
    <bCorridorCirculationArea>false</bCorridorCirculationArea>
    <bUserDaylightFactor>false</bUserDaylightFactor>
    <UserDaylightFactor>0</UserDaylightFactor>
    <DesignDaylightFactor>0</DesignDaylightFactor>
    <NotionalDaylightFactor>1.96999621</NotionalDaylightFactor>
    <TypicalDaylightFactor>0</TypicalDaylightFactor>
    <LightingEfficiency>3.75</LightingEfficiency>
    <MinPercentofMax>0</MinPercentofMax>
    <TargetRoomIlluminance>500</TargetRoomIlluminance>
    <ParasiticPower>0.3</ParasiticPower>
    <PhotoCellSensor>true</PhotoCellSensor>
    <DisplayLighting>0</DisplayLighting>
    <MLCAreaCutOff>30</MLCAreaCutOff>
    <FreshAirTreatment>NoCO2Sensor</FreshAirTreatment>
    <bLampTypeCom>true</bLampTypeCom>
    <LampType>UserDefined</LampType>
    <bExternal>false</bExternal>
  </Zones>
  <Zones>
    <Name>Dir4</Name>
    <GUID>{F2B27C21-55F1-40F9-8C41-6880CEF3DCCB}</GUID>
    <Type>NaturallyVentilated</Type>
    <APD>None</APD>
    <DaylightControl>ManualDaylightControl</DaylightControl>
    <bOfficeStorageSpace>true</bOfficeStorageSpace>
    <bCorridorCirculationArea>false</bCorridorCirculationArea>
    <bUserDaylightFactor>false</bUserDaylightFactor>
    <UserDaylightFactor>0</UserDaylightFactor>
    <DesignDaylightFactor>0</DesignDaylightFactor>
    <NotionalDaylightFactor>2.000755</NotionalDaylightFactor>
    <TypicalDaylightFactor>0</TypicalDaylightFactor>
    <LightingEfficiency>3.75</LightingEfficiency>
    <MinPercentofMax>0</MinPercentofMax>
    <TargetRoomIlluminance>500</TargetRoomIlluminance>
    <ParasiticPower>0.3</ParasiticPower>
    <PhotoCellSensor>true</PhotoCellSensor>
    <DisplayLighting>0</DisplayLighting>
    <MLCAreaCutOff>30</MLCAreaCutOff>
    <FreshAirTreatment>NoCO2Sensor</FreshAirTreatment>
    <bLampTypeCom>true</bLampTypeCom>
    <LampType>UserDefined</LampType>
    <bExternal>false</bExternal>
  </Zones>
  <Zones>
    <Name>2.1 Project Meetings1</Name>
    <GUID>{E262E4AB-3F4B-4815-8AF8-13C6E975B8A1}</GUID>
    <Type>FullyAirConditioned</Type>
    <APD>None</APD>
    <DaylightControl>ManualDaylightControl</DaylightControl>
    <bOfficeStorageSpace>true</bOfficeStorageSpace>
    <bCorridorCirculationArea>false</bCorridorCirculationArea>
    <bUserDaylightFactor>false</bUserDaylightFactor>
    <UserDaylightFactor>0</UserDaylightFactor>
    <DesignDaylightFactor>1.31246829</DesignDaylightFactor>
    <NotionalDaylightFactor>7.89965248</NotionalDaylightFactor>
    <TypicalDaylightFactor>0</TypicalDaylightFactor>
    <LightingEfficiency>3.75</LightingEfficiency>
    <MinPercentofMax>0</MinPercentofMax>
    <TargetRoomIlluminance>300</TargetRoomIlluminance>
    <ParasiticPower>0.3</ParasiticPower>
    <PhotoCellSensor>true</PhotoCellSensor>
    <DisplayLighting>0</DisplayLighting>
    <MLCAreaCutOff>30</MLCAreaCutOff>
    <FreshAirTreatment>NoCO2Sensor</FreshAirTreatment>
    <bLampTypeCom>true</bLampTypeCom>
    <LampType>UserDefined</LampType>
    <bExternal>false</bExternal>
  </Zones>
  <Zones>
    <Name>2.2 Meetings2</Name>
    <GUID>{186CDC7C-559F-48B0-A64B-91CB99754236}</GUID>
    <Type>FullyAirConditioned</Type>
    <APD>None</APD>
    <DaylightControl>ManualDaylightControl</DaylightControl>
    <bOfficeStorageSpace>true</bOfficeStorageSpace>
    <bCorridorCirculationArea>false</bCorridorCirculationArea>
    <bUserDaylightFactor>false</bUserDaylightFactor>
    <UserDaylightFactor>0</UserDaylightFactor>
    <DesignDaylightFactor>0.3213887</DesignDaylightFactor>
    <NotionalDaylightFactor>4.186739</NotionalDaylightFactor>
    <TypicalDaylightFactor>0</TypicalDaylightFactor>
    <LightingEfficiency>3.75</LightingEfficiency>
    <MinPercentofMax>0</MinPercentofMax>
    <TargetRoomIlluminance>300</TargetRoomIlluminance>
    <ParasiticPower>0.3</ParasiticPower>
    <PhotoCellSensor>true</PhotoCellSensor>
    <DisplayLighting>0</DisplayLighting>
    <MLCAreaCutOff>30</MLCAreaCutOff>
    <FreshAirTreatment>NoCO2Sensor</FreshAirTreatment>
    <bLampTypeCom>true</bLampTypeCom>
    <LampType>UserDefined</LampType>
    <bExternal>false</bExternal>
  </Zones>
  <Zones>
    <Name>2.3 Meetings3</Name>
    <GUID>{176E3536-10DD-44B5-A54F-5288909658EF}</GUID>
    <Type>FullyAirConditioned</Type>
    <APD>None</APD>
    <DaylightControl>ManualDaylightControl</DaylightControl>
    <bOfficeStorageSpace>true</bOfficeStorageSpace>
    <bCorridorCirculationArea>false</bCorridorCirculationArea>
    <bUserDaylightFactor>false</bUserDaylightFactor>
    <UserDaylightFactor>0</UserDaylightFactor>
    <DesignDaylightFactor>0.32234633</DesignDaylightFactor>
    <NotionalDaylightFactor>4.16436672</NotionalDaylightFactor>
    <TypicalDaylightFactor>0</TypicalDaylightFactor>
    <LightingEfficiency>3.75</LightingEfficiency>
    <MinPercentofMax>0</MinPercentofMax>
    <TargetRoomIlluminance>300</TargetRoomIlluminance>
    <ParasiticPower>0.3</ParasiticPower>
    <PhotoCellSensor>true</PhotoCellSensor>
    <DisplayLighting>0</DisplayLighting>
    <MLCAreaCutOff>30</MLCAreaCutOff>
    <FreshAirTreatment>NoCO2Sensor</FreshAirTreatment>
    <bLampTypeCom>true</bLampTypeCom>
    <LampType>UserDefined</LampType>
    <bExternal>false</bExternal>
  </Zones>
  <Zones>
    <Name>2.4 Meetings4/circ</Name>
    <GUID>{9ABF27D3-5396-45C5-A62C-DB3B26A35900}</GUID>
    <Type>NaturallyVentilated</Type>
    <APD>None</APD>
    <DaylightControl>ManualDaylightControl</DaylightControl>
    <bOfficeStorageSpace>true</bOfficeStorageSpace>
    <bCorridorCirculationArea>false</bCorridorCirculationArea>
    <bUserDaylightFactor>false</bUserDaylightFactor>
    <UserDaylightFactor>0</UserDaylightFactor>
    <DesignDaylightFactor>2.24034882</DesignDaylightFactor>
    <NotionalDaylightFactor>6.070266</NotionalDaylightFactor>
    <TypicalDaylightFactor>0</TypicalDaylightFactor>
    <LightingEfficiency>3.75</LightingEfficiency>
    <MinPercentofMax>0</MinPercentofMax>
    <TargetRoomIlluminance>300</TargetRoomIlluminance>
    <ParasiticPower>0.3</ParasiticPower>
    <PhotoCellSensor>true</PhotoCellSensor>
    <DisplayLighting>0</DisplayLighting>
    <MLCAreaCutOff>30</MLCAreaCutOff>
    <FreshAirTreatment>NoCO2Sensor</FreshAirTreatment>
    <bLampTypeCom>true</bLampTypeCom>
    <LampType>UserDefined</LampType>
    <bExternal>false</bExternal>
  </Zones>
  <Zones>
    <Name>4.2 Toilet1</Name>
    <GUID>{9DCA7D42-667D-4F66-B4ED-1B269F36CD1A}</GUID>
    <Type>ExtractOnly</Type>
    <APD>None</APD>
    <DaylightControl>ManualDaylightControl</DaylightControl>
    <bOfficeStorageSpace>false</bOfficeStorageSpace>
    <bCorridorCirculationArea>false</bCorridorCirculationArea>
    <bUserDaylightFactor>false</bUserDaylightFactor>
    <UserDaylightFactor>0</UserDaylightFactor>
    <DesignDaylightFactor>0</DesignDaylightFactor>
    <NotionalDaylightFactor>2.31633282</NotionalDaylightFactor>
    <TypicalDaylightFactor>0</TypicalDaylightFactor>
    <LightingEfficiency>5.2</LightingEfficiency>
    <MinPercentofMax>0</MinPercentofMax>
    <TargetRoomIlluminance>100</TargetRoomIlluminance>
    <ParasiticPower>0.3</ParasiticPower>
    <PhotoCellSensor>true</PhotoCellSensor>
    <DisplayLighting>0</DisplayLighting>
    <MLCAreaCutOff>30</MLCAreaCutOff>
    <FreshAirTreatment>UnconditionedFreshAir</FreshAirTreatment>
    <bLampTypeCom>true</bLampTypeCom>
    <LampType>UserDefined</LampType>
    <bExternal>false</bExternal>
  </Zones>
  <Zones>
    <Name>4.3 Toilet2</Name>
    <GUID>{99D6CB07-9862-4297-A89F-A79470FCF943}</GUID>
    <Type>ExtractOnly</Type>
    <APD>None</APD>
    <DaylightControl>ManualDaylightControl</DaylightControl>
    <bOfficeStorageSpace>false</bOfficeStorageSpace>
    <bCorridorCirculationArea>false</bCorridorCirculationArea>
    <bUserDaylightFactor>false</bUserDaylightFactor>
    <UserDaylightFactor>0</UserDaylightFactor>
    <DesignDaylightFactor>0</DesignDaylightFactor>
    <NotionalDaylightFactor>2.3576715</NotionalDaylightFactor>
    <TypicalDaylightFactor>0</TypicalDaylightFactor>
    <LightingEfficiency>5.2</LightingEfficiency>
    <MinPercentofMax>0</MinPercentofMax>
    <TargetRoomIlluminance>100</TargetRoomIlluminance>
    <ParasiticPower>0.3</ParasiticPower>
    <PhotoCellSensor>true</PhotoCellSensor>
    <DisplayLighting>0</DisplayLighting>
    <MLCAreaCutOff>30</MLCAreaCutOff>
    <FreshAirTreatment>UnconditionedFreshAir</FreshAirTreatment>
    <bLampTypeCom>true</bLampTypeCom>
    <LampType>UserDefined</LampType>
    <bExternal>false</bExternal>
  </Zones>
  <Zones>
    <Name>4.5 F Toilet3</Name>
    <GUID>{36EEA632-9F74-4D6B-9AE6-534BD3670BA5}</GUID>
    <Type>ExtractOnly</Type>
    <APD>None</APD>
    <DaylightControl>ManualDaylightControl</DaylightControl>
    <bOfficeStorageSpace>false</bOfficeStorageSpace>
    <bCorridorCirculationArea>false</bCorridorCirculationArea>
    <bUserDaylightFactor>false</bUserDaylightFactor>
    <UserDaylightFactor>0</UserDaylightFactor>
    <DesignDaylightFactor>0</DesignDaylightFactor>
    <NotionalDaylightFactor>3.68381977</NotionalDaylightFactor>
    <TypicalDaylightFactor>0</TypicalDaylightFactor>
    <LightingEfficiency>5.2</LightingEfficiency>
    <MinPercentofMax>0</MinPercentofMax>
    <TargetRoomIlluminance>100</TargetRoomIlluminance>
    <ParasiticPower>0.3</ParasiticPower>
    <PhotoCellSensor>true</PhotoCellSensor>
    <DisplayLighting>0</DisplayLighting>
    <MLCAreaCutOff>30</MLCAreaCutOff>
    <FreshAirTreatment>UnconditionedFreshAir</FreshAirTreatment>
    <bLampTypeCom>true</bLampTypeCom>
    <LampType>UserDefined</LampType>
    <bExternal>false</bExternal>
  </Zones>
  <Zones>
    <Name>4.6 D Toilet4</Name>
    <GUID>{DFA7F9B8-F1C0-4898-9585-967FA9D1C0CB}</GUID>
    <Type>ExtractOnly</Type>
    <APD>None</APD>
    <DaylightControl>ManualDaylightControl</DaylightControl>
    <bOfficeStorageSpace>false</bOfficeStorageSpace>
    <bCorridorCirculationArea>false</bCorridorCirculationArea>
    <bUserDaylightFactor>false</bUserDaylightFactor>
    <UserDaylightFactor>0</UserDaylightFactor>
    <DesignDaylightFactor>0</DesignDaylightFactor>
    <NotionalDaylightFactor>1.11331284</NotionalDaylightFactor>
    <TypicalDaylightFactor>0</TypicalDaylightFactor>
    <LightingEfficiency>5.2</LightingEfficiency>
    <MinPercentofMax>0</MinPercentofMax>
    <TargetRoomIlluminance>100</TargetRoomIlluminance>
    <ParasiticPower>0.3</ParasiticPower>
    <PhotoCellSensor>true</PhotoCellSensor>
    <DisplayLighting>0</DisplayLighting>
    <MLCAreaCutOff>30</MLCAreaCutOff>
    <FreshAirTreatment>UnconditionedFreshAir</FreshAirTreatment>
    <bLampTypeCom>true</bLampTypeCom>
    <LampType>UserDefined</LampType>
    <bExternal>false</bExternal>
  </Zones>
  <Zones>
    <Name>4.7 M Toilet5</Name>
    <GUID>{217972F3-44EE-4EB1-AC90-4B3C37D09E5D}</GUID>
    <Type>ExtractOnly</Type>
    <APD>None</APD>
    <DaylightControl>ManualDaylightControl</DaylightControl>
    <bOfficeStorageSpace>false</bOfficeStorageSpace>
    <bCorridorCirculationArea>false</bCorridorCirculationArea>
    <bUserDaylightFactor>false</bUserDaylightFactor>
    <UserDaylightFactor>0</UserDaylightFactor>
    <DesignDaylightFactor>0</DesignDaylightFactor>
    <NotionalDaylightFactor>3.708962</NotionalDaylightFactor>
    <TypicalDaylightFactor>0</TypicalDaylightFactor>
    <LightingEfficiency>5.2</LightingEfficiency>
    <MinPercentofMax>0</MinPercentofMax>
    <TargetRoomIlluminance>100</TargetRoomIlluminance>
    <ParasiticPower>0.3</ParasiticPower>
    <PhotoCellSensor>true</PhotoCellSensor>
    <DisplayLighting>0</DisplayLighting>
    <MLCAreaCutOff>30</MLCAreaCutOff>
    <FreshAirTreatment>UnconditionedFreshAir</FreshAirTreatment>
    <bLampTypeCom>true</bLampTypeCom>
    <LampType>UserDefined</LampType>
    <bExternal>false</bExternal>
  </Zones>
  <Zones>
    <Name>5.1 Print Room</Name>
    <GUID>{7E5A72D9-AACE-43FA-AA3E-EAB11E878D21}</GUID>
    <Type>ExtractOnly</Type>
    <APD>None</APD>
    <DaylightControl>ManualDaylightControl</DaylightControl>
    <bOfficeStorageSpace>true</bOfficeStorageSpace>
    <bCorridorCirculationArea>false</bCorridorCirculationArea>
    <bUserDaylightFactor>false</bUserDaylightFactor>
    <UserDaylightFactor>0</UserDaylightFactor>
    <DesignDaylightFactor>0</DesignDaylightFactor>
    <NotionalDaylightFactor>4.18663931</NotionalDaylightFactor>
    <TypicalDaylightFactor>0</TypicalDaylightFactor>
    <LightingEfficiency>3.75</LightingEfficiency>
    <MinPercentofMax>0</MinPercentofMax>
    <TargetRoomIlluminance>300</TargetRoomIlluminance>
    <ParasiticPower>0.3</ParasiticPower>
    <PhotoCellSensor>true</PhotoCellSensor>
    <DisplayLighting>0</DisplayLighting>
    <MLCAreaCutOff>30</MLCAreaCutOff>
    <FreshAirTreatment>UnconditionedFreshAir</FreshAirTreatment>
    <bLampTypeCom>true</bLampTypeCom>
    <LampType>UserDefined</LampType>
    <bExternal>false</bExternal>
  </Zones>
  <Zones>
    <Name>Circ2</Name>
    <GUID>{96CF32DD-F238-4E07-8AC9-0F3EB49AD6D6}</GUID>
    <Type>NaturallyVentilated</Type>
    <APD>None</APD>
    <DaylightControl>NoDaylightControl</DaylightControl>
    <bOfficeStorageSpace>false</bOfficeStorageSpace>
    <bCorridorCirculationArea>true</bCorridorCirculationArea>
    <bUserDaylightFactor>false</bUserDaylightFactor>
    <UserDaylightFactor>0</UserDaylightFactor>
    <DesignDaylightFactor>0.7385677</DesignDaylightFactor>
    <NotionalDaylightFactor>2.98517275</NotionalDaylightFactor>
    <TypicalDaylightFactor>0</TypicalDaylightFactor>
    <LightingEfficiency>5.2</LightingEfficiency>
    <MinPercentofMax>0</MinPercentofMax>
    <TargetRoomIlluminance>100</TargetRoomIlluminance>
    <ParasiticPower>0.3</ParasiticPower>
    <PhotoCellSensor>true</PhotoCellSensor>
    <DisplayLighting>0</DisplayLighting>
    <MLCAreaCutOff>30</MLCAreaCutOff>
    <FreshAirTreatment>NoCO2Sensor</FreshAirTreatment>
    <bLampTypeCom>true</bLampTypeCom>
    <LampType>UserDefined</LampType>
    <bExternal>false</bExternal>
  </Zones>
  <Zones>
    <Name>5.2 Circ3</Name>
    <GUID>{BB68F310-94AB-4ED0-8D0B-0B66058C5230}</GUID>
    <Type>NaturallyVentilated</Type>
    <APD>None</APD>
    <DaylightControl>NoDaylightControl</DaylightControl>
    <bOfficeStorageSpace>false</bOfficeStorageSpace>
    <bCorridorCirculationArea>true</bCorridorCirculationArea>
    <bUserDaylightFactor>false</bUserDaylightFactor>
    <UserDaylightFactor>0</UserDaylightFactor>
    <DesignDaylightFactor>1.28497732</DesignDaylightFactor>
    <NotionalDaylightFactor>2.584896</NotionalDaylightFactor>
    <TypicalDaylightFactor>0</TypicalDaylightFactor>
    <LightingEfficiency>5.2</LightingEfficiency>
    <MinPercentofMax>0</MinPercentofMax>
    <TargetRoomIlluminance>100</TargetRoomIlluminance>
    <ParasiticPower>0.3</ParasiticPower>
    <PhotoCellSensor>true</PhotoCellSensor>
    <DisplayLighting>0</DisplayLighting>
    <MLCAreaCutOff>30</MLCAreaCutOff>
    <FreshAirTreatment>NoCO2Sensor</FreshAirTreatment>
    <bLampTypeCom>true</bLampTypeCom>
    <LampType>UserDefined</LampType>
    <bExternal>false</bExternal>
  </Zones>
  <Zones>
    <Name>5.3 Equipment Unoccupied4</Name>
    <GUID>{D6037AF8-9541-4E02-86CB-2A725A034D16}</GUID>
    <Type>NaturallyVentilated</Type>
    <APD>None</APD>
    <DaylightControl>ManualDaylightControl</DaylightControl>
    <bOfficeStorageSpace>true</bOfficeStorageSpace>
    <bCorridorCirculationArea>false</bCorridorCirculationArea>
    <bUserDaylightFactor>false</bUserDaylightFactor>
    <UserDaylightFactor>0</UserDaylightFactor>
    <DesignDaylightFactor>0</DesignDaylightFactor>
    <NotionalDaylightFactor>4.024011</NotionalDaylightFactor>
    <TypicalDaylightFactor>0</TypicalDaylightFactor>
    <LightingEfficiency>3.75</LightingEfficiency>
    <MinPercentofMax>0</MinPercentofMax>
    <TargetRoomIlluminance>50</TargetRoomIlluminance>
    <ParasiticPower>0.3</ParasiticPower>
    <PhotoCellSensor>true</PhotoCellSensor>
    <DisplayLighting>0</DisplayLighting>
    <MLCAreaCutOff>30</MLCAreaCutOff>
    <FreshAirTreatment>NoCO2Sensor</FreshAirTreatment>
    <bLampTypeCom>true</bLampTypeCom>
    <LampType>UserDefined</LampType>
    <bExternal>false</bExternal>
  </Zones>
  <Zones>
    <Name>5.4 Store Cleaner5</Name>
    <GUID>{3CE4479A-E243-40C8-B491-38B556A06E8F}</GUID>
    <Type>NaturallyVentilated</Type>
    <APD>None</APD>
    <DaylightControl>ManualDaylightControl</DaylightControl>
    <bOfficeStorageSpace>true</bOfficeStorageSpace>
    <bCorridorCirculationArea>false</bCorridorCirculationArea>
    <bUserDaylightFactor>false</bUserDaylightFactor>
    <UserDaylightFactor>0</UserDaylightFactor>
    <DesignDaylightFactor>0</DesignDaylightFactor>
    <NotionalDaylightFactor>1.29020321</NotionalDaylightFactor>
    <TypicalDaylightFactor>0</TypicalDaylightFactor>
    <LightingEfficiency>3.75</LightingEfficiency>
    <MinPercentofMax>0</MinPercentofMax>
    <TargetRoomIlluminance>50</TargetRoomIlluminance>
    <ParasiticPower>0.3</ParasiticPower>
    <PhotoCellSensor>true</PhotoCellSensor>
    <DisplayLighting>0</DisplayLighting>
    <MLCAreaCutOff>30</MLCAreaCutOff>
    <FreshAirTreatment>NoCO2Sensor</FreshAirTreatment>
    <bLampTypeCom>true</bLampTypeCom>
    <LampType>UserDefined</LampType>
    <bExternal>false</bExternal>
  </Zones>
  <Zones>
    <Name>7.1 Reception1</Name>
    <GUID>{6229F4F9-64A2-46C2-A751-F5CD17DF5EC4}</GUID>
    <Type>NaturallyVentilated</Type>
    <APD>None</APD>
    <DaylightControl>ManualDaylightControl</DaylightControl>
    <bOfficeStorageSpace>false</bOfficeStorageSpace>
    <bCorridorCirculationArea>false</bCorridorCirculationArea>
    <bUserDaylightFactor>false</bUserDaylightFactor>
    <UserDaylightFactor>0</UserDaylightFactor>
    <DesignDaylightFactor>2.301656</DesignDaylightFactor>
    <NotionalDaylightFactor>5.527054</NotionalDaylightFactor>
    <TypicalDaylightFactor>0</TypicalDaylightFactor>
    <LightingEfficiency>5.2</LightingEfficiency>
    <MinPercentofMax>0</MinPercentofMax>
    <TargetRoomIlluminance>200</TargetRoomIlluminance>
    <ParasiticPower>0.3</ParasiticPower>
    <PhotoCellSensor>true</PhotoCellSensor>
    <DisplayLighting>9</DisplayLighting>
    <MLCAreaCutOff>30</MLCAreaCutOff>
    <FreshAirTreatment>NoCO2Sensor</FreshAirTreatment>
    <bLampTypeCom>true</bLampTypeCom>
    <LampType>UserDefined</LampType>
    <bExternal>false</bExternal>
  </Zones>
  <Zones>
    <Name>5.6 Archive Unoccupied7</Name>
    <GUID>{3EF35DD9-1A6D-431D-937F-B3EB589397B0}</GUID>
    <Type>NaturallyVentilated</Type>
    <APD>None</APD>
    <DaylightControl>ManualDaylightControl</DaylightControl>
    <bOfficeStorageSpace>true</bOfficeStorageSpace>
    <bCorridorCirculationArea>false</bCorridorCirculationArea>
    <bUserDaylightFactor>false</bUserDaylightFactor>
    <UserDaylightFactor>0</UserDaylightFactor>
    <DesignDaylightFactor>0.379323572</DesignDaylightFactor>
    <NotionalDaylightFactor>4.01377249</NotionalDaylightFactor>
    <TypicalDaylightFactor>0</TypicalDaylightFactor>
    <LightingEfficiency>3.75</LightingEfficiency>
    <MinPercentofMax>0</MinPercentofMax>
    <TargetRoomIlluminance>50</TargetRoomIlluminance>
    <ParasiticPower>0.3</ParasiticPower>
    <PhotoCellSensor>true</PhotoCellSensor>
    <DisplayLighting>0</DisplayLighting>
    <MLCAreaCutOff>30</MLCAreaCutOff>
    <FreshAirTreatment>NoCO2Sensor</FreshAirTreatment>
    <bLampTypeCom>true</bLampTypeCom>
    <LampType>UserDefined</LampType>
    <bExternal>false</bExternal>
  </Zones>
  <Zones>
    <Name>6.1 Comms Unoccupied8</Name>
    <GUID>{DD60B10B-8A1A-4B02-98E2-16D181A3EDA6}</GUID>
    <Type>FullyAirConditioned</Type>
    <APD>None</APD>
    <DaylightControl>ManualDaylightControl</DaylightControl>
    <bOfficeStorageSpace>true</bOfficeStorageSpace>
    <bCorridorCirculationArea>false</bCorridorCirculationArea>
    <bUserDaylightFactor>false</bUserDaylightFactor>
    <UserDaylightFactor>0</UserDaylightFactor>
    <DesignDaylightFactor>0</DesignDaylightFactor>
    <NotionalDaylightFactor>3.61495066</NotionalDaylightFactor>
    <TypicalDaylightFactor>0</TypicalDaylightFactor>
    <LightingEfficiency>3.75</LightingEfficiency>
    <MinPercentofMax>0</MinPercentofMax>
    <TargetRoomIlluminance>300</TargetRoomIlluminance>
    <ParasiticPower>0.3</ParasiticPower>
    <PhotoCellSensor>true</PhotoCellSensor>
    <DisplayLighting>0</DisplayLighting>
    <MLCAreaCutOff>30</MLCAreaCutOff>
    <FreshAirTreatment>NoCO2Sensor</FreshAirTreatment>
    <bLampTypeCom>true</bLampTypeCom>
    <LampType>UserDefined</LampType>
    <bExternal>false</bExternal>
  </Zones>
  <Zones>
    <Name>5.5 Medical </Name>
    <GUID>{687A8D4F-2AA0-43E5-B6BF-68BB91FAB6C4}</GUID>
    <Type>NaturallyVentilated</Type>
    <APD>None</APD>
    <DaylightControl>ManualDaylightControl</DaylightControl>
    <bOfficeStorageSpace>false</bOfficeStorageSpace>
    <bCorridorCirculationArea>false</bCorridorCirculationArea>
    <bUserDaylightFactor>false</bUserDaylightFactor>
    <UserDaylightFactor>0</UserDaylightFactor>
    <DesignDaylightFactor>0</DesignDaylightFactor>
    <NotionalDaylightFactor>1.11345339</NotionalDaylightFactor>
    <TypicalDaylightFactor>0</TypicalDaylightFactor>
    <LightingEfficiency>5.2</LightingEfficiency>
    <MinPercentofMax>0</MinPercentofMax>
    <TargetRoomIlluminance>200</TargetRoomIlluminance>
    <ParasiticPower>0.3</ParasiticPower>
    <PhotoCellSensor>true</PhotoCellSensor>
    <DisplayLighting>9</DisplayLighting>
    <MLCAreaCutOff>30</MLCAreaCutOff>
    <FreshAirTreatment>NoCO2Sensor</FreshAirTreatment>
    <bLampTypeCom>true</bLampTypeCom>
    <LampType>UserDefined</LampType>
    <bExternal>false</bExternal>
  </Zones>
  <Zones>
    <Name>3.1 Kitchen1</Name>
    <GUID>{E80516C7-4FD6-4664-A73C-A2D85B0F75A4}</GUID>
    <Type>ExtractOnly</Type>
    <APD>None</APD>
    <DaylightControl>ManualDaylightControl</DaylightControl>
    <bOfficeStorageSpace>false</bOfficeStorageSpace>
    <bCorridorCirculationArea>false</bCorridorCirculationArea>
    <bUserDaylightFactor>false</bUserDaylightFactor>
    <UserDaylightFactor>0</UserDaylightFactor>
    <DesignDaylightFactor>2.83764434</DesignDaylightFactor>
    <NotionalDaylightFactor>7.750226</NotionalDaylightFactor>
    <TypicalDaylightFactor>0</TypicalDaylightFactor>
    <LightingEfficiency>5.2</LightingEfficiency>
    <MinPercentofMax>0</MinPercentofMax>
    <TargetRoomIlluminance>200</TargetRoomIlluminance>
    <ParasiticPower>0.3</ParasiticPower>
    <PhotoCellSensor>true</PhotoCellSensor>
    <DisplayLighting>0</DisplayLighting>
    <MLCAreaCutOff>30</MLCAreaCutOff>
    <FreshAirTreatment>UnconditionedFreshAir</FreshAirTreatment>
    <bLampTypeCom>true</bLampTypeCom>
    <LampType>UserDefined</LampType>
    <bExternal>false</bExternal>
  </Zones>
  <Zones>
    <Name>4.1 Cattering Kitchen2</Name>
    <GUID>{322DD851-28E1-43D5-83F4-AB1AD91AEE2E}</GUID>
    <Type>ExtractOnly</Type>
    <APD>None</APD>
    <DaylightControl>ManualDaylightControl</DaylightControl>
    <bOfficeStorageSpace>false</bOfficeStorageSpace>
    <bCorridorCirculationArea>false</bCorridorCirculationArea>
    <bUserDaylightFactor>false</bUserDaylightFactor>
    <UserDaylightFactor>0</UserDaylightFactor>
    <DesignDaylightFactor>0.230344236</DesignDaylightFactor>
    <NotionalDaylightFactor>3.03286552</NotionalDaylightFactor>
    <TypicalDaylightFactor>0</TypicalDaylightFactor>
    <LightingEfficiency>5.2</LightingEfficiency>
    <MinPercentofMax>0</MinPercentofMax>
    <TargetRoomIlluminance>200</TargetRoomIlluminance>
    <ParasiticPower>0.3</ParasiticPower>
    <PhotoCellSensor>true</PhotoCellSensor>
    <DisplayLighting>0</DisplayLighting>
    <MLCAreaCutOff>30</MLCAreaCutOff>
    <FreshAirTreatment>UnconditionedFreshAir</FreshAirTreatment>
    <bLampTypeCom>true</bLampTypeCom>
    <LampType>UserDefined</LampType>
    <bExternal>false</bExternal>
  </Zones>
  <Zones>
    <Name>Atrium1</Name>
    <GUID>{7F4C9E8F-7FDF-4E7F-9563-306C4EDD44ED}</GUID>
    <Type>UnoccupiedUnheated</Type>
    <APD>None</APD>
    <DaylightControl>NoDaylightControl</DaylightControl>
    <bOfficeStorageSpace>false</bOfficeStorageSpace>
    <bCorridorCirculationArea>false</bCorridorCirculationArea>
    <bUserDaylightFactor>false</bUserDaylightFactor>
    <UserDaylightFactor>0</UserDaylightFactor>
    <DesignDaylightFactor>2.08862567</DesignDaylightFactor>
    <NotionalDaylightFactor>0</NotionalDaylightFactor>
    <TypicalDaylightFactor>0</TypicalDaylightFactor>
    <LightingEfficiency>5.2</LightingEfficiency>
    <MinPercentofMax>0</MinPercentofMax>
    <TargetRoomIlluminance>0</TargetRoomIlluminance>
    <ParasiticPower>0.3</ParasiticPower>
    <PhotoCellSensor>true</PhotoCellSensor>
    <DisplayLighting>0</DisplayLighting>
    <MLCAreaCutOff>30</MLCAreaCutOff>
    <FreshAirTreatment>NoFreshAir</FreshAirTreatment>
    <bLampTypeCom>true</bLampTypeCom>
    <LampType>UserDefined</LampType>
    <bExternal>false</bExternal>
  </Zones>
  <Zones>
    <Name>Plenum</Name>
    <GUID>{D6CD0A50-3101-4357-A584-DFAA5BBA0552}</GUID>
    <Type>UnoccupiedUnheated</Type>
    <APD>None</APD>
    <DaylightControl>NoDaylightControl</DaylightControl>
    <bOfficeStorageSpace>false</bOfficeStorageSpace>
    <bCorridorCirculationArea>false</bCorridorCirculationArea>
    <bUserDaylightFactor>false</bUserDaylightFactor>
    <UserDaylightFactor>0</UserDaylightFactor>
    <DesignDaylightFactor>0</DesignDaylightFactor>
    <NotionalDaylightFactor>0</NotionalDaylightFactor>
    <TypicalDaylightFactor>0</TypicalDaylightFactor>
    <LightingEfficiency>5.2</LightingEfficiency>
    <MinPercentofMax>0</MinPercentofMax>
    <TargetRoomIlluminance>0</TargetRoomIlluminance>
    <ParasiticPower>0.3</ParasiticPower>
    <PhotoCellSensor>true</PhotoCellSensor>
    <DisplayLighting>0</DisplayLighting>
    <MLCAreaCutOff>30</MLCAreaCutOff>
    <FreshAirTreatment>NoFreshAir</FreshAirTreatment>
    <bLampTypeCom>true</bLampTypeCom>
    <LampType>UserDefined</LampType>
    <bExternal>false</bExternal>
  </Zones>
  <Zones>
    <Name>7.2 Gallery Circ2</Name>
    <GUID>{9839DE43-3939-4A79-825B-BDD307380337}</GUID>
    <Type>NaturallyVentilated</Type>
    <APD>None</APD>
    <DaylightControl>NoDaylightControl</DaylightControl>
    <bOfficeStorageSpace>false</bOfficeStorageSpace>
    <bCorridorCirculationArea>true</bCorridorCirculationArea>
    <bUserDaylightFactor>false</bUserDaylightFactor>
    <UserDaylightFactor>0</UserDaylightFactor>
    <DesignDaylightFactor>3.97202682</DesignDaylightFactor>
    <NotionalDaylightFactor>3.11702037</NotionalDaylightFactor>
    <TypicalDaylightFactor>0</TypicalDaylightFactor>
    <LightingEfficiency>5.2</LightingEfficiency>
    <MinPercentofMax>0</MinPercentofMax>
    <TargetRoomIlluminance>100</TargetRoomIlluminance>
    <ParasiticPower>0.3</ParasiticPower>
    <PhotoCellSensor>true</PhotoCellSensor>
    <DisplayLighting>0</DisplayLighting>
    <MLCAreaCutOff>30</MLCAreaCutOff>
    <FreshAirTreatment>NoCO2Sensor</FreshAirTreatment>
    <bLampTypeCom>true</bLampTypeCom>
    <LampType>UserDefined</LampType>
    <bExternal>false</bExternal>
  </Zones>
  <Zones>
    <Name>Drafl Lobby1</Name>
    <GUID>{84AE196E-DDFA-4C34-9E15-920732F7BA8D}</GUID>
    <Type>NaturallyVentilated</Type>
    <APD>None</APD>
    <DaylightControl>NoDaylightControl</DaylightControl>
    <bOfficeStorageSpace>false</bOfficeStorageSpace>
    <bCorridorCirculationArea>true</bCorridorCirculationArea>
    <bUserDaylightFactor>false</bUserDaylightFactor>
    <UserDaylightFactor>0</UserDaylightFactor>
    <DesignDaylightFactor>0</DesignDaylightFactor>
    <NotionalDaylightFactor>4.002795</NotionalDaylightFactor>
    <TypicalDaylightFactor>0</TypicalDaylightFactor>
    <LightingEfficiency>5.2</LightingEfficiency>
    <MinPercentofMax>0</MinPercentofMax>
    <TargetRoomIlluminance>100</TargetRoomIlluminance>
    <ParasiticPower>0.3</ParasiticPower>
    <PhotoCellSensor>true</PhotoCellSensor>
    <DisplayLighting>0</DisplayLighting>
    <MLCAreaCutOff>30</MLCAreaCutOff>
    <FreshAirTreatment>NoCO2Sensor</FreshAirTreatment>
    <bLampTypeCom>true</bLampTypeCom>
    <LampType>UserDefined</LampType>
    <bExternal>false</bExternal>
  </Zones>
  <TotalVolume>4979.76953</TotalVolume>
</Building>